[
{
  "model": "admin.logentry",
  "pk": 1,
  "fields": {
    "action_time": "2025-06-15T05:10:35.240Z",
    "user": 1,
    "content_type": 27,
    "object_id": "1",
    "object_repr": "Vente #V20250615051035F(id)",
    "action_flag": 1,
    "change_message": "[{\"added\": {}}]"
  }
},
{
  "model": "admin.logentry",
  "pk": 2,
  "fields": {
    "action_time": "2025-06-15T05:10:52.074Z",
    "user": 1,
    "content_type": 27,
    "object_id": "1",
    "object_repr": "Vente #V20250615051035F(id)",
    "action_flag": 3,
    "change_message": ""
  }
},
{
  "model": "admin.logentry",
  "pk": 3,
  "fields": {
    "action_time": "2025-06-17T18:18:32.413Z",
    "user": 1,
    "content_type": 18,
    "object_id": "3",
    "object_repr": "Jeu de Construction ToyLand (91227) - Stock: 5",
    "action_flag": 1,
    "change_message": "[{\"added\": {}}]"
  }
},
{
  "model": "admin.logentry",
  "pk": 4,
  "fields": {
    "action_time": "2025-06-17T18:22:40.222Z",
    "user": 1,
    "content_type": 18,
    "object_id": "2",
    "object_repr": "Shampoing BeautyMali (18415) - Stock: 2",
    "action_flag": 2,
    "change_message": "[{\"changed\": {\"fields\": [\"Quantity\"]}}]"
  }
},
{
  "model": "admin.logentry",
  "pk": 5,
  "fields": {
    "action_time": "2025-06-17T20:59:28.771Z",
    "user": 1,
    "content_type": 16,
    "object_id": "21",
    "object_repr": "test (1ZLCJTEV)",
    "action_flag": 2,
    "change_message": "[{\"changed\": {\"fields\": [\"Quantit\\u00e9 en stock\"]}}]"
  }
},
{
  "model": "admin.logentry",
  "pk": 6,
  "fields": {
    "action_time": "2025-08-09T06:59:37.909Z",
    "user": 2,
    "content_type": 34,
    "object_id": "13",
    "object_repr": "Standard 40x30 (40x30 mm)",
    "action_flag": 2,
    "change_message": "[]"
  }
},
{
  "model": "sessions.session",
  "pk": "000tt7x8b0uebc27calxhz93ohl7zuz3",
  "fields": {
    "session_data": ".eJxVjMEOwiAQBf-FsyFQFigevfcbyMKCVA0kpT0Z_9026UGvM_Pem3nc1uK3nhY_E7syyS6_LGB8pnoIemC9Nx5bXZc58CPhp-18apRet7P9OyjYy76Ow5CRRrAZtEpGOSH0COCsRB0NxZ2LkCzkrKRDk4mAQAKStSorJdjnC9iqN6s:1uQtjd:4Hu57sYt-Z-lS91JCzU5RbqbPOho9b9CbwmJ8UR-0NY",
    "expire_date": "2025-06-29T20:13:45.037Z"
  }
},
{
  "model": "sessions.session",
  "pk": "0ev95r7nb2sad24sp3jwpxo5bzys7duh",
  "fields": {
    "session_data": ".eJxVjMEOwiAQBf-FsyFQFigevfcbyMKCVA0kpT0Z_9026UGvM_Pem3nc1uK3nhY_E7syyS6_LGB8pnoIemC9Nx5bXZc58CPhp-18apRet7P9OyjYy76Ow5CRRrAZtEpGOSH0COCsRB0NxZ2LkCzkrKRDk4mAQAKStSorJdjnC9iqN6s:1ulqx6:2r3LuD29RLhRPJFkfhhao5QNlV7NmXvQhFpzqC6HVnM",
    "expire_date": "2025-08-26T15:30:16.199Z"
  }
},
{
  "model": "sessions.session",
  "pk": "4sdm0e0137qait5o2ixhdwqpf0aw8hke",
  "fields": {
    "session_data": ".eJxVjMEOwiAQBf-FsyFQFigevfcbyMKCVA0kpT0Z_9026UGvM_Pem3nc1uK3nhY_E7syyS6_LGB8pnoIemC9Nx5bXZc58CPhp-18apRet7P9OyjYy76Ow5CRRrAZtEpGOSH0COCsRB0NxZ2LkCzkrKRDk4mAQAKStSorJdjnC9iqN6s:1uQYCw:Ft4a-Fc_9OrlITXrhqCjJqvqda-prQdNT70PbLbD9do",
    "expire_date": "2025-06-28T21:14:34.169Z"
  }
},
{
  "model": "sessions.session",
  "pk": "8hswi7jgktb31nretrn3q5qsa9daae4o",
  "fields": {
    "session_data": "e30:1ujtFR:cX-gX7M9Ig5AVMDL6SLut0H2rxNkTqzzBvxz6Omw8eo",
    "expire_date": "2025-08-21T05:33:05.677Z"
  }
},
{
  "model": "sessions.session",
  "pk": "8isaujnaa7txg5vssb69xe1yx02cbhj6",
  "fields": {
    "session_data": "e30:1ujtEg:oqUOnnd_w_WY6MYhmHAHaJgOeocCstDbjgoFNgudxag",
    "expire_date": "2025-08-21T05:32:18.870Z"
  }
},
{
  "model": "sessions.session",
  "pk": "awhiodbopc4n8zbi9uzseuof1tqinje6",
  "fields": {
    "session_data": ".eJxVjDEOwjAMRe-SGUUkBBczsvcMkWO7pIASqWknxN1ppQ6w_vfef5tIy5zj0nSKo5ir8ebwuyXip5YNyIPKvVquZZ7GZDfF7rTZvoq-brv7d5Cp5bUm9kcOAhJURfwloGc8AXY0OGQE8MDujAgsnXAa1KUgtEJKwhTIfL4AKjlV:1umnhQ:z7_p3hs6gwjk9Rwz25qO_6Yc82PKIi3ZQUbO5WBYGFE",
    "expire_date": "2025-08-29T06:14:00.446Z"
  }
},
{
  "model": "sessions.session",
  "pk": "btgqfnmxtitsgjeju7uqkwfeuhxhkiq9",
  "fields": {
    "session_data": ".eJxVjMEOwiAQBf-FsyFQFigevfcbyMKCVA0kpT0Z_9026UGvM_Pem3nc1uK3nhY_E7syyS6_LGB8pnoIemC9Nx5bXZc58CPhp-18apRet7P9OyjYy76Ow5CRRrAZtEpGOSH0COCsRB0NxZ2LkCzkrKRDk4mAQAKStSorJdjnC9iqN6s:1ulqwY:L8T7OJlVIqfbRXzw3ahbWe_C5l3gw2qNcdakLam_-Qo",
    "expire_date": "2025-08-26T15:29:42.061Z"
  }
},
{
  "model": "sessions.session",
  "pk": "jdn2iui2vg9e2aj2921vqtrbi9eamzye",
  "fields": {
    "session_data": ".eJxVjDsOwjAQBe_iGlm76y-U9JzB8hcHkC3FSYW4O7KUAto3M-_NnN-36vaRV7ckdmEE7PQ7Bh-fuU2SHr7dO4-9besS-FT4QQe_9ZRf18P9O6h-1FmTkWcgDSS0h4hoVAzCKkikfEGB0iZJEiIZMmiLDoCARaOJGSwA-3wBwjI2JQ:1ulU0D:_cMGbGkWVdE__mlc15w6IN6DKy2t8yeHzYWxGQgUckI",
    "expire_date": "2025-08-25T14:59:57.007Z"
  }
},
{
  "model": "sessions.session",
  "pk": "pj3mvx2y3t8ar0plzomhjkik2p73yf9e",
  "fields": {
    "session_data": ".eJxVjMEOwiAQBf-FsyFQFigevfcbyMKCVA0kpT0Z_9026UGvM_Pem3nc1uK3nhY_E7syyS6_LGB8pnoIemC9Nx5bXZc58CPhp-18apRet7P9OyjYy76Ow5CRRrAZtEpGOSH0COCsRB0NxZ2LkCzkrKRDk4mAQAKStSorJdjnC9iqN6s:1ulrMp:2huBWlfRXdPgZ2J52yAsCrgDd1CyVVxi_r18fRaF5mI",
    "expire_date": "2025-08-26T15:56:51.571Z"
  }
},
{
  "model": "sessions.session",
  "pk": "rwxtaiytbgp1xlt6nq8g32iuer28xugw",
  "fields": {
    "session_data": "e30:1ujtEf:MVZmTxf1wwD7gKtkRHVqdTgaXU4V_qNsve3Fn8AjhC0",
    "expire_date": "2025-08-21T05:32:17.113Z"
  }
},
{
  "model": "sessions.session",
  "pk": "sxogakm0nn0kc0ethis2j7v5c64eurtt",
  "fields": {
    "session_data": "e30:1ujtFO:Ut0PsVQt8UgkGvpkmbAnN7R7JmhzUFR8kwCYnGoSrHw",
    "expire_date": "2025-08-21T05:33:02.167Z"
  }
},
{
  "model": "sessions.session",
  "pk": "vj1kr4p999u79fan5ix3jrp3t9bjwvjt",
  "fields": {
    "session_data": ".eJxVjMEOwiAQBf-FsyFQFigevfcbyMKCVA0kpT0Z_9026UGvM_Pem3nc1uK3nhY_E7syyS6_LGB8pnoIemC9Nx5bXZc58CPhp-18apRet7P9OyjYy76Ow5CRRrAZtEpGOSH0COCsRB0NxZ2LkCzkrKRDk4mAQAKStSorJdjnC9iqN6s:1uRw6G:agWegZSrxggUoS-Tk53u3JIW08aOwq1ZConQYdKEsuw",
    "expire_date": "2025-07-02T16:57:24.300Z"
  }
},
{
  "model": "core.user",
  "pk": 1,
  "fields": {
    "password": "pbkdf2_sha256$600000$lpYxr7y4sOW5XmLnaHnGIC$3oIDPZric8xjsYj+H+p1vGkLhlcOwa5e4PecLR7XN6Q=",
    "last_login": "2025-08-12T15:56:48.572Z",
    "is_superuser": true,
    "username": "pymalien@gmail.com",
    "first_name": "",
    "last_name": "",
    "email": "pymalien@gmail.com",
    "is_staff": true,
    "is_active": true,
    "date_joined": "2025-06-14T21:14:27.165Z",
    "telephone": null,
    "adresse": null,
    "poste": null,
    "photo": "",
    "est_actif": false,
    "derniere_connexion": "2025-08-12T15:56:48.587Z",
    "site_configuration": 1,
    "is_site_admin": true,
    "groups": [],
    "user_permissions": []
  }
},
{
  "model": "core.user",
  "pk": 2,
  "fields": {
    "password": "pbkdf2_sha256$600000$vKH1KTcfXIRi302a8W8Btz$i0eRqZoKWIghAH630hMfClYPr2GZLB3jEgtt9hsPuqE=",
    "last_login": "2025-08-09T05:46:20.467Z",
    "is_superuser": true,
    "username": "djimi",
    "first_name": "konimba",
    "last_name": "djimiga",
    "email": "pymalien@gmail.com",
    "is_staff": true,
    "is_active": true,
    "date_joined": "2025-08-04T04:31:47.607Z",
    "telephone": "0695187176",
    "adresse": "37 rue Daniel mayer",
    "poste": null,
    "photo": "",
    "est_actif": true,
    "derniere_connexion": "2025-08-09T05:46:20.485Z",
    "site_configuration": 1,
    "is_site_admin": true,
    "groups": [],
    "user_permissions": []
  }
},
{
  "model": "core.user",
  "pk": 3,
  "fields": {
    "password": "pbkdf2_sha256$600000$H3daYi25rgsGo7XWejiz76$TKuLkc1U8ElMbUdbf7GAClRm1H8JnZ21l9t4AakJC68=",
    "last_login": "2025-08-04T06:24:09.973Z",
    "is_superuser": false,
    "username": "mobile",
    "first_name": "Djimiga",
    "last_name": "konimba",
    "email": "mobile@test.com",
    "is_staff": false,
    "is_active": true,
    "date_joined": "2025-08-04T05:44:04.215Z",
    "telephone": "+22374908522",
    "adresse": "",
    "poste": "vendeur",
    "photo": "",
    "est_actif": false,
    "derniere_connexion": null,
    "site_configuration": 1,
    "is_site_admin": true,
    "groups": [],
    "user_permissions": []
  }
},
{
  "model": "core.user",
  "pk": 4,
  "fields": {
    "password": "pbkdf2_sha256$600000$s8cTTGTFz4hbmfGCm1O7ED$3aEblXwtGyUXmc8l6Zs617U3ZiI257mtcKt0t3ZPYAQ=",
    "last_login": null,
    "is_superuser": false,
    "username": "bolibanasugu@gmail.com",
    "first_name": "konimba",
    "last_name": "djimiga",
    "email": "djimigakonis@gmail.com",
    "is_staff": false,
    "is_active": true,
    "date_joined": "2025-08-05T17:22:34.437Z",
    "telephone": "+33695187176",
    "adresse": "37 rue Daniel mayer",
    "poste": null,
    "photo": "",
    "est_actif": true,
    "derniere_connexion": null,
    "site_configuration": 1,
    "is_site_admin": false,
    "groups": [],
    "user_permissions": []
  }
},
{
  "model": "core.user",
  "pk": 5,
  "fields": {
    "password": "pbkdf2_sha256$600000$0NECqknCLHwAQlehE3pcOf$8ocsQ1czZr67ZXvWNzXBqlz1IhlTZcb1KgeVOB1i518=",
    "last_login": "2025-08-05T21:31:38.103Z",
    "is_superuser": false,
    "username": "koko",
    "first_name": "konimba",
    "last_name": "djimiga",
    "email": "djimikonis@gamil.com",
    "is_staff": true,
    "is_active": true,
    "date_joined": "2025-08-05T19:06:56.653Z",
    "telephone": "",
    "adresse": "",
    "poste": "",
    "photo": "",
    "est_actif": true,
    "derniere_connexion": "2025-08-05T21:31:38.125Z",
    "site_configuration": 2,
    "is_site_admin": true,
    "groups": [],
    "user_permissions": []
  }
},
{
  "model": "core.user",
  "pk": 6,
  "fields": {
    "password": "pbkdf2_sha256$600000$dGps5dWfEJXs5l4OQEeVhm$s7C37vn4z1U2qSbp8txVHXBAiTL78/42guS4Jfy7V8A=",
    "last_login": "2025-08-05T20:39:59.576Z",
    "is_superuser": false,
    "username": "tech",
    "first_name": "konimba",
    "last_name": "djimiga",
    "email": "djimigatech@gmail.com",
    "is_staff": false,
    "is_active": true,
    "date_joined": "2025-08-05T20:39:50.277Z",
    "telephone": "",
    "adresse": "",
    "poste": "",
    "photo": "",
    "est_actif": true,
    "derniere_connexion": "2025-08-05T20:39:59.586Z",
    "site_configuration": 3,
    "is_site_admin": true,
    "groups": [],
    "user_permissions": []
  }
},
{
  "model": "core.user",
  "pk": 7,
  "fields": {
    "password": "pbkdf2_sha256$600000$nbW6KjFWbdIJjN4mVbP5AT$8teiOQwGkENkaJSE+NiACpu84q3wDoKQi+8Wg/RH2JI=",
    "last_login": "2025-08-07T05:33:31.210Z",
    "is_superuser": false,
    "username": "jhon",
    "first_name": "konimba",
    "last_name": "djimiga",
    "email": "djimigakonis@gamil.com",
    "is_staff": true,
    "is_active": true,
    "date_joined": "2025-08-05T20:46:03.523Z",
    "telephone": "",
    "adresse": "",
    "poste": "",
    "photo": "",
    "est_actif": true,
    "derniere_connexion": "2025-08-07T05:33:31.231Z",
    "site_configuration": 4,
    "is_site_admin": true,
    "groups": [],
    "user_permissions": []
  }
},
{
  "model": "core.user",
  "pk": 8,
  "fields": {
    "password": "pbkdf2_sha256$600000$s3IYYUI8FuUoWcTP5iCYqm$XO/pZ8uZCjMDtYlSfoOu24ewSAGttJEylH8be/VVRX8=",
    "last_login": "2025-08-06T17:16:12.574Z",
    "is_superuser": false,
    "username": "py",
    "first_name": "malien",
    "last_name": "djimiga",
    "email": "djimigatech2@gmail.com",
    "is_staff": true,
    "is_active": true,
    "date_joined": "2025-08-06T17:06:25.658Z",
    "telephone": "",
    "adresse": "",
    "poste": "",
    "photo": "",
    "est_actif": true,
    "derniere_connexion": "2025-08-06T17:16:12.590Z",
    "site_configuration": 5,
    "is_site_admin": true,
    "groups": [],
    "user_permissions": []
  }
},
{
  "model": "core.user",
  "pk": 10,
  "fields": {
    "password": "pbkdf2_sha256$600000$2Wd6Nvl8n3n1bkj7JrlbsV$iVKIYxKj449gAq5f9JN/XMxkexWg2FILlRfijX2MfFI=",
    "last_login": "2025-08-06T17:26:20.714Z",
    "is_superuser": false,
    "username": "djimiga",
    "first_name": "konimba",
    "last_name": "djimiga",
    "email": "djimigakdonis@gamil.com",
    "is_staff": true,
    "is_active": true,
    "date_joined": "2025-08-06T17:26:20.396Z",
    "telephone": "",
    "adresse": "",
    "poste": "",
    "photo": "",
    "est_actif": true,
    "derniere_connexion": "2025-08-06T17:26:20.724Z",
    "site_configuration": 7,
    "is_site_admin": true,
    "groups": [],
    "user_permissions": []
  }
},
{
  "model": "core.user",
  "pk": 11,
  "fields": {
    "password": "pbkdf2_sha256$600000$zdpQrjBYh2SRiiyGpoCoqO$vIjPOg5/hYjCFqF+2mlbIBHMa+wYbXLPaApYZTQf4dI=",
    "last_login": "2025-08-06T17:40:58.459Z",
    "is_superuser": false,
    "username": "djimigas",
    "first_name": "konimba",
    "last_name": "djimiga",
    "email": "djimigakconis@gamil.com",
    "is_staff": true,
    "is_active": true,
    "date_joined": "2025-08-06T17:40:58.100Z",
    "telephone": "",
    "adresse": "",
    "poste": "",
    "photo": "",
    "est_actif": true,
    "derniere_connexion": "2025-08-06T17:40:58.470Z",
    "site_configuration": 8,
    "is_site_admin": true,
    "groups": [],
    "user_permissions": []
  }
},
{
  "model": "core.user",
  "pk": 12,
  "fields": {
    "password": "pbkdf2_sha256$600000$Tun4JB5S0fM4U3VZyYuzIf$TwXmgBGQAVfRXifcXnKXtzpnoVY8Mv9zDfuWXpYam44=",
    "last_login": null,
    "is_superuser": false,
    "username": "newuser123",
    "first_name": "New",
    "last_name": "User",
    "email": "newuser123@example.com",
    "is_staff": false,
    "is_active": true,
    "date_joined": "2025-08-07T04:48:25.797Z",
    "telephone": "",
    "adresse": "",
    "poste": "",
    "photo": "",
    "est_actif": true,
    "derniere_connexion": null,
    "site_configuration": 9,
    "is_site_admin": true,
    "groups": [],
    "user_permissions": []
  }
},
{
  "model": "core.user",
  "pk": 13,
  "fields": {
    "password": "pbkdf2_sha256$600000$wxoPIrltsUsqyUYmCY4SKq$9r/Eq5hucszPrvGzefusBBVP5tvkyLnF5uWBFvQWK38=",
    "last_login": null,
    "is_superuser": false,
    "username": "PyMentor",
    "first_name": "Konimba",
    "last_name": "Djimi",
    "email": "djimiga@gmail.com",
    "is_staff": false,
    "is_active": true,
    "date_joined": "2025-08-07T04:53:25.086Z",
    "telephone": "",
    "adresse": "",
    "poste": "",
    "photo": "",
    "est_actif": true,
    "derniere_connexion": null,
    "site_configuration": 10,
    "is_site_admin": true,
    "groups": [],
    "user_permissions": []
  }
},
{
  "model": "core.user",
  "pk": 14,
  "fields": {
    "password": "pbkdf2_sha256$600000$hbT5JGvRIw52dh2xsWTWgK$NJ4GfP64rRnIlRvhV32g0iRUeE+M3V4N+A+qhDuOJS0=",
    "last_login": "2025-08-07T05:12:34.897Z",
    "is_superuser": false,
    "username": "kokok",
    "first_name": "konimba",
    "last_name": "djimiga",
    "email": "djimigarkonis@gmail.com",
    "is_staff": true,
    "is_active": true,
    "date_joined": "2025-08-07T05:12:33.677Z",
    "telephone": "",
    "adresse": "",
    "poste": "",
    "photo": "",
    "est_actif": true,
    "derniere_connexion": "2025-08-07T05:12:34.944Z",
    "site_configuration": 11,
    "is_site_admin": true,
    "groups": [],
    "user_permissions": []
  }
},
{
  "model": "core.user",
  "pk": 16,
  "fields": {
    "password": "pbkdf2_sha256$600000$BcddULzsxuHwu78FjU7gnn$QCOLrjf3P6tSsOGS2oalLdoL5zIkX5VsjagmN6w5ACY=",
    "last_login": "2025-08-07T05:33:05.704Z",
    "is_superuser": false,
    "username": "simulation_user",
    "first_name": "Simulation",
    "last_name": "User",
    "email": "simulation@example.com",
    "is_staff": true,
    "is_active": true,
    "date_joined": "2025-08-07T05:32:18.100Z",
    "telephone": null,
    "adresse": null,
    "poste": null,
    "photo": "",
    "est_actif": true,
    "derniere_connexion": "2025-08-07T05:33:05.723Z",
    "site_configuration": 13,
    "is_site_admin": true,
    "groups": [],
    "user_permissions": []
  }
},
{
  "model": "core.user",
  "pk": 17,
  "fields": {
    "password": "pbkdf2_sha256$600000$qgPGSuYTD7K12blhYTZmZm$v9CY0GhgZ+yOqA0HFqA7sHbl3/OoQL6UQa54/35qVHw=",
    "last_login": null,
    "is_superuser": false,
    "username": "test_mobile",
    "first_name": "Test",
    "last_name": "Mobile",
    "email": "test@mobile.com",
    "is_staff": false,
    "is_active": true,
    "date_joined": "2025-08-10T23:07:06.096Z",
    "telephone": null,
    "adresse": null,
    "poste": null,
    "photo": "",
    "est_actif": true,
    "derniere_connexion": null,
    "site_configuration": 1,
    "is_site_admin": false,
    "groups": [],
    "user_permissions": []
  }
},
{
  "model": "core.user",
  "pk": 18,
  "fields": {
    "password": "pbkdf2_sha256$600000$zw5gnF7ASpWmDCxELhv5gM$uouCpjEgRVO6jP1mu24qwDlf/WDQha6LT4PMU8Rwtwo=",
    "last_login": null,
    "is_superuser": true,
    "username": "testadmin",
    "first_name": "",
    "last_name": "",
    "email": "test@example.com",
    "is_staff": true,
    "is_active": true,
    "date_joined": "2025-08-11T04:21:37.119Z",
    "telephone": null,
    "adresse": null,
    "poste": null,
    "photo": "",
    "est_actif": true,
    "derniere_connexion": null,
    "site_configuration": null,
    "is_site_admin": false,
    "groups": [],
    "user_permissions": []
  }
},
{
  "model": "core.user",
  "pk": 32,
  "fields": {
    "password": "pbkdf2_sha256$600000$sUiuXqu6B7dwm2jB77AxSA$OvVPIx8oUQUcaiYigAI2nAFrlEasKoiwBMlWDmZZWLY=",
    "last_login": null,
    "is_superuser": true,
    "username": "temp_admin_frontend",
    "first_name": "",
    "last_name": "",
    "email": "temp_frontend@example.com",
    "is_staff": false,
    "is_active": true,
    "date_joined": "2025-08-11T22:23:06.336Z",
    "telephone": null,
    "adresse": null,
    "poste": null,
    "photo": "",
    "est_actif": true,
    "derniere_connexion": null,
    "site_configuration": null,
    "is_site_admin": false,
    "groups": [],
    "user_permissions": []
  }
},
{
  "model": "core.user",
  "pk": 33,
  "fields": {
    "password": "pbkdf2_sha256$600000$SI4behNNWxPdaAGhGcUcHV$9n+ahENiMPzOhR8qY/woBliEbIjoWtuEt/h/sE3/Cuo=",
    "last_login": null,
    "is_superuser": false,
    "username": "testuser_frontend",
    "first_name": "Test",
    "last_name": "User",
    "email": "test_frontend@example.com",
    "is_staff": false,
    "is_active": true,
    "date_joined": "2025-08-11T22:23:07.356Z",
    "telephone": null,
    "adresse": null,
    "poste": null,
    "photo": "",
    "est_actif": true,
    "derniere_connexion": null,
    "site_configuration": 26,
    "is_site_admin": false,
    "groups": [],
    "user_permissions": []
  }
},
{
  "model": "core.user",
  "pk": 39,
  "fields": {
    "password": "pbkdf2_sha256$600000$xmKhxgoIxAdeRPxtnReWLH$SqoZY+IEgY+qbzir6MhPRqXiokzrm744BpgmipadzT4=",
    "last_login": null,
    "is_superuser": false,
    "username": "testuser",
    "first_name": "",
    "last_name": "",
    "email": "test@test.com",
    "is_staff": false,
    "is_active": true,
    "date_joined": "2025-08-12T15:33:17.646Z",
    "telephone": null,
    "adresse": null,
    "poste": null,
    "photo": "",
    "est_actif": true,
    "derniere_connexion": null,
    "site_configuration": 1,
    "is_site_admin": false,
    "groups": [],
    "user_permissions": []
  }
},
{
  "model": "core.user",
  "pk": 40,
  "fields": {
    "password": "pbkdf2_sha256$600000$TOjdQ98mcycfNkHCufchDv$14VBtecS1YRtmiOyZteMiBUjmevcNNonN9s1VpdEQQ0=",
    "last_login": null,
    "is_superuser": false,
    "username": "testmobile",
    "first_name": "Test",
    "last_name": "Mobile",
    "email": "testmobile@example.com",
    "is_staff": false,
    "is_active": true,
    "date_joined": "2025-08-13T20:00:11.687Z",
    "telephone": null,
    "adresse": null,
    "poste": null,
    "photo": "",
    "est_actif": true,
    "derniere_connexion": null,
    "site_configuration": 1,
    "is_site_admin": false,
    "groups": [],
    "user_permissions": []
  }
},
{
  "model": "core.user",
  "pk": 41,
  "fields": {
    "password": "",
    "last_login": null,
    "is_superuser": false,
    "username": "test_user",
    "first_name": "Test",
    "last_name": "User",
    "email": "test@example.com",
    "is_staff": false,
    "is_active": true,
    "date_joined": "2025-08-14T05:03:19.273Z",
    "telephone": null,
    "adresse": null,
    "poste": null,
    "photo": "",
    "est_actif": true,
    "derniere_connexion": null,
    "site_configuration": 27,
    "is_site_admin": false,
    "groups": [],
    "user_permissions": []
  }
},
{
  "model": "core.configuration",
  "pk": 1,
  "fields": {
    "created_at": "2025-08-04T07:16:19.054Z",
    "updated_at": "2025-08-14T05:09:35.828Z",
    "created_by": null,
    "updated_by": 2,
    "site_name": "BoliBana Stock",
    "site_owner": 1,
    "nom_societe": "BoliBana Stock",
    "adresse": "Adresse de votre entreprise",
    "telephone": "+226 XX XX XX XX",
    "email": "contact@votreentreprise.com",
    "devise": "FCFA",
    "tva": "18.00",
    "logo": "config/test_logo_kIC0s4j.png",
    "description": "Système de gestion de stock"
  }
},
{
  "model": "core.configuration",
  "pk": 2,
  "fields": {
    "created_at": "2025-08-05T19:07:04.595Z",
    "updated_at": "2025-08-05T19:07:04.596Z",
    "created_by": 5,
    "updated_by": 5,
    "site_name": "konimba-djimiga",
    "site_owner": 5,
    "nom_societe": "Entreprise konimba djimiga",
    "adresse": "Adresse à configurer",
    "telephone": "Téléphone à configurer",
    "email": "djimikonis@gamil.com",
    "devise": "FCFA",
    "tva": "18.00",
    "logo": "",
    "description": "Site créé par konimba djimiga"
  }
},
{
  "model": "core.configuration",
  "pk": 3,
  "fields": {
    "created_at": "2025-08-05T20:39:50.617Z",
    "updated_at": "2025-08-05T20:39:50.617Z",
    "created_by": 6,
    "updated_by": 6,
    "site_name": "konimba-djimiga-1",
    "site_owner": 6,
    "nom_societe": "Entreprise konimba djimiga",
    "adresse": "Adresse à configurer",
    "telephone": "Téléphone à configurer",
    "email": "djimigatech@gmail.com",
    "devise": "FCFA",
    "tva": "18.00",
    "logo": "",
    "description": "Site créé par konimba djimiga"
  }
},
{
  "model": "core.configuration",
  "pk": 4,
  "fields": {
    "created_at": "2025-08-05T20:46:06.270Z",
    "updated_at": "2025-08-05T20:46:06.270Z",
    "created_by": 7,
    "updated_by": 7,
    "site_name": "konimba-djimiga-2",
    "site_owner": 7,
    "nom_societe": "Entreprise konimba djimiga",
    "adresse": "Adresse à configurer",
    "telephone": "Téléphone à configurer",
    "email": "djimigakonis@gamil.com",
    "devise": "FCFA",
    "tva": "18.00",
    "logo": "",
    "description": "Site créé par konimba djimiga"
  }
},
{
  "model": "core.configuration",
  "pk": 5,
  "fields": {
    "created_at": "2025-08-06T17:06:25.962Z",
    "updated_at": "2025-08-06T17:06:25.962Z",
    "created_by": 8,
    "updated_by": 8,
    "site_name": "malien-djimiga",
    "site_owner": 8,
    "nom_societe": "Entreprise malien djimiga",
    "adresse": "Adresse à configurer",
    "telephone": "Téléphone à configurer",
    "email": "djimigatech2@gmail.com",
    "devise": "FCFA",
    "tva": "0.00",
    "logo": "",
    "description": "Site créé par malien djimiga"
  }
},
{
  "model": "core.configuration",
  "pk": 7,
  "fields": {
    "created_at": "2025-08-06T17:26:20.686Z",
    "updated_at": "2025-08-06T17:26:20.686Z",
    "created_by": 10,
    "updated_by": 10,
    "site_name": "konimba-djimiga-3",
    "site_owner": 10,
    "nom_societe": "Entreprise konimba djimiga",
    "adresse": "Adresse à configurer",
    "telephone": "Téléphone à configurer",
    "email": "djimigakdonis@gamil.com",
    "devise": "FCFA",
    "tva": "0.00",
    "logo": "",
    "description": "Site créé par konimba djimiga"
  }
},
{
  "model": "core.configuration",
  "pk": 8,
  "fields": {
    "created_at": "2025-08-06T17:40:58.423Z",
    "updated_at": "2025-08-06T17:40:58.423Z",
    "created_by": 11,
    "updated_by": 11,
    "site_name": "konimba-djimiga-4",
    "site_owner": 11,
    "nom_societe": "Entreprise konimba djimiga",
    "adresse": "Adresse à configurer",
    "telephone": "Téléphone à configurer",
    "email": "djimigakconis@gamil.com",
    "devise": "FCFA",
    "tva": "0.00",
    "logo": "",
    "description": "Site créé par konimba djimiga"
  }
},
{
  "model": "core.configuration",
  "pk": 9,
  "fields": {
    "created_at": "2025-08-07T04:48:26.710Z",
    "updated_at": "2025-08-07T05:05:22.420Z",
    "created_by": null,
    "updated_by": null,
    "site_name": "new-user-1754542106",
    "site_owner": 12,
    "nom_societe": "Entreprise New User",
    "adresse": "Adresse à configurer",
    "telephone": "",
    "email": "newuser123@example.com",
    "devise": "FCFA",
    "tva": "0.00",
    "logo": "",
    "description": "Site créé automatiquement pour New User"
  }
},
{
  "model": "core.configuration",
  "pk": 10,
  "fields": {
    "created_at": "2025-08-07T04:53:25.403Z",
    "updated_at": "2025-08-07T05:05:22.559Z",
    "created_by": null,
    "updated_by": null,
    "site_name": "konimba-djimi-1754542405",
    "site_owner": 13,
    "nom_societe": "Entreprise Konimba Djimi",
    "adresse": "Adresse à configurer",
    "telephone": "",
    "email": "djimiga@gmail.com",
    "devise": "FCFA",
    "tva": "0.00",
    "logo": "",
    "description": "Site créé automatiquement pour Konimba Djimi"
  }
},
{
  "model": "core.configuration",
  "pk": 11,
  "fields": {
    "created_at": "2025-08-07T05:12:34.778Z",
    "updated_at": "2025-08-07T05:12:34.778Z",
    "created_by": 14,
    "updated_by": 14,
    "site_name": "konimba-djimiga-5",
    "site_owner": 14,
    "nom_societe": "Entreprise konimba djimiga",
    "adresse": "Adresse à configurer",
    "telephone": "Téléphone à configurer",
    "email": "djimigarkonis@gmail.com",
    "devise": "FCFA",
    "tva": "0.00",
    "logo": "",
    "description": "Site créé par konimba djimiga"
  }
},
{
  "model": "core.configuration",
  "pk": 13,
  "fields": {
    "created_at": "2025-08-07T05:32:18.811Z",
    "updated_at": "2025-08-07T05:32:18.811Z",
    "created_by": 16,
    "updated_by": 16,
    "site_name": "simulation-site",
    "site_owner": 16,
    "nom_societe": "Entreprise Simulation",
    "adresse": "Adresse simulation",
    "telephone": "+223 XX XX XX XX",
    "email": "simulation@example.com",
    "devise": "FCFA",
    "tva": "0.00",
    "logo": "",
    "description": "Site de simulation"
  }
},
{
  "model": "core.configuration",
  "pk": 26,
  "fields": {
    "created_at": "2025-08-11T22:23:07.263Z",
    "updated_at": "2025-08-11T22:23:07.263Z",
    "created_by": null,
    "updated_by": null,
    "site_name": "Site Test Frontend",
    "site_owner": 32,
    "nom_societe": "Entreprise Test Frontend",
    "adresse": "Adresse Test Frontend",
    "telephone": "+226 12345678",
    "email": "test_frontend@example.com",
    "devise": "FCFA",
    "tva": "18.00",
    "logo": "",
    "description": null
  }
},
{
  "model": "core.configuration",
  "pk": 27,
  "fields": {
    "created_at": "2025-08-14T05:03:19.300Z",
    "updated_at": "2025-08-14T05:03:19.300Z",
    "created_by": null,
    "updated_by": null,
    "site_name": "Site Test",
    "site_owner": 41,
    "nom_societe": "Société Test",
    "adresse": "Adresse Test",
    "telephone": "123456789",
    "email": "test@site.com",
    "devise": "FCFA",
    "tva": "0.00",
    "logo": "",
    "description": null
  }
},
{
  "model": "core.activite",
  "pk": 1,
  "fields": {
    "created_at": "2025-06-14T21:14:27.489Z",
    "updated_at": "2025-06-14T21:14:27.489Z",
    "created_by": null,
    "updated_by": null,
    "utilisateur": 1,
    "type_action": "creation",
    "description": "Création du compte utilisateur pymalien@gmail.com",
    "date_action": "2025-06-14T21:14:27.489Z",
    "ip_address": null,
    "user_agent": null,
    "url": null
  }
},
{
  "model": "core.activite",
  "pk": 2,
  "fields": {
    "created_at": "2025-06-14T21:14:34.159Z",
    "updated_at": "2025-06-14T21:14:34.159Z",
    "created_by": null,
    "updated_by": null,
    "utilisateur": 1,
    "type_action": "modification",
    "description": "Modification du compte utilisateur pymalien@gmail.com",
    "date_action": "2025-06-14T21:14:34.159Z",
    "ip_address": null,
    "user_agent": null,
    "url": null
  }
},
{
  "model": "core.activite",
  "pk": 3,
  "fields": {
    "created_at": "2025-06-15T20:13:45.009Z",
    "updated_at": "2025-06-15T20:13:45.009Z",
    "created_by": null,
    "updated_by": null,
    "utilisateur": 1,
    "type_action": "modification",
    "description": "Modification du compte utilisateur pymalien@gmail.com",
    "date_action": "2025-06-15T20:13:45.009Z",
    "ip_address": null,
    "user_agent": null,
    "url": null
  }
},
{
  "model": "core.activite",
  "pk": 4,
  "fields": {
    "created_at": "2025-06-18T16:57:24.285Z",
    "updated_at": "2025-06-18T16:57:24.285Z",
    "created_by": null,
    "updated_by": null,
    "utilisateur": 1,
    "type_action": "modification",
    "description": "Modification du compte utilisateur pymalien@gmail.com",
    "date_action": "2025-06-18T16:57:24.285Z",
    "ip_address": null,
    "user_agent": null,
    "url": null
  }
},
{
  "model": "core.activite",
  "pk": 5,
  "fields": {
    "created_at": "2025-08-04T04:31:47.921Z",
    "updated_at": "2025-08-04T04:31:47.921Z",
    "created_by": null,
    "updated_by": null,
    "utilisateur": 2,
    "type_action": "creation",
    "description": "Création du compte utilisateur djimi",
    "date_action": "2025-08-04T04:31:47.921Z",
    "ip_address": null,
    "user_agent": null,
    "url": null
  }
},
{
  "model": "core.activite",
  "pk": 6,
  "fields": {
    "created_at": "2025-08-04T04:31:59.325Z",
    "updated_at": "2025-08-04T04:31:59.325Z",
    "created_by": null,
    "updated_by": null,
    "utilisateur": 2,
    "type_action": "modification",
    "description": "Modification du compte utilisateur djimi",
    "date_action": "2025-08-04T04:31:59.325Z",
    "ip_address": null,
    "user_agent": null,
    "url": null
  }
},
{
  "model": "core.activite",
  "pk": 7,
  "fields": {
    "created_at": "2025-08-04T05:44:04.243Z",
    "updated_at": "2025-08-04T05:44:04.243Z",
    "created_by": null,
    "updated_by": null,
    "utilisateur": 3,
    "type_action": "creation",
    "description": "Création du compte utilisateur mobile",
    "date_action": "2025-08-04T05:44:04.243Z",
    "ip_address": null,
    "user_agent": null,
    "url": null
  }
},
{
  "model": "core.activite",
  "pk": 8,
  "fields": {
    "created_at": "2025-08-04T05:44:19.171Z",
    "updated_at": "2025-08-04T05:44:19.171Z",
    "created_by": null,
    "updated_by": null,
    "utilisateur": 3,
    "type_action": "modification",
    "description": "Modification du compte utilisateur mobile",
    "date_action": "2025-08-04T05:44:19.171Z",
    "ip_address": null,
    "user_agent": null,
    "url": null
  }
},
{
  "model": "core.activite",
  "pk": 9,
  "fields": {
    "created_at": "2025-08-04T06:18:03.941Z",
    "updated_at": "2025-08-04T06:18:03.941Z",
    "created_by": null,
    "updated_by": null,
    "utilisateur": 2,
    "type_action": "modification",
    "description": "Modification du compte utilisateur djimi",
    "date_action": "2025-08-04T06:18:03.941Z",
    "ip_address": null,
    "user_agent": null,
    "url": null
  }
},
{
  "model": "core.activite",
  "pk": 10,
  "fields": {
    "created_at": "2025-08-04T06:24:09.992Z",
    "updated_at": "2025-08-04T06:24:09.992Z",
    "created_by": null,
    "updated_by": null,
    "utilisateur": 3,
    "type_action": "modification",
    "description": "Modification du compte utilisateur mobile",
    "date_action": "2025-08-04T06:24:09.992Z",
    "ip_address": null,
    "user_agent": null,
    "url": null
  }
},
{
  "model": "core.activite",
  "pk": 11,
  "fields": {
    "created_at": "2025-08-04T06:25:21.268Z",
    "updated_at": "2025-08-04T06:25:21.268Z",
    "created_by": null,
    "updated_by": null,
    "utilisateur": 2,
    "type_action": "modification",
    "description": "Modification du compte utilisateur djimi",
    "date_action": "2025-08-04T06:25:21.268Z",
    "ip_address": null,
    "user_agent": null,
    "url": null
  }
},
{
  "model": "core.activite",
  "pk": 12,
  "fields": {
    "created_at": "2025-08-04T06:26:47.960Z",
    "updated_at": "2025-08-04T06:26:47.960Z",
    "created_by": null,
    "updated_by": null,
    "utilisateur": 2,
    "type_action": "modification",
    "description": "Modification du compte utilisateur djimi",
    "date_action": "2025-08-04T06:26:47.960Z",
    "ip_address": null,
    "user_agent": null,
    "url": null
  }
},
{
  "model": "core.activite",
  "pk": 13,
  "fields": {
    "created_at": "2025-08-04T06:36:15.638Z",
    "updated_at": "2025-08-04T06:36:15.638Z",
    "created_by": null,
    "updated_by": null,
    "utilisateur": 2,
    "type_action": "modification",
    "description": "Modification du compte utilisateur djimi",
    "date_action": "2025-08-04T06:36:15.638Z",
    "ip_address": null,
    "user_agent": null,
    "url": null
  }
},
{
  "model": "core.activite",
  "pk": 14,
  "fields": {
    "created_at": "2025-08-04T06:48:48.891Z",
    "updated_at": "2025-08-04T06:48:48.891Z",
    "created_by": null,
    "updated_by": null,
    "utilisateur": 2,
    "type_action": "modification",
    "description": "Modification du compte utilisateur djimi",
    "date_action": "2025-08-04T06:48:48.891Z",
    "ip_address": null,
    "user_agent": null,
    "url": null
  }
},
{
  "model": "core.activite",
  "pk": 15,
  "fields": {
    "created_at": "2025-08-04T06:56:52.645Z",
    "updated_at": "2025-08-04T06:56:52.645Z",
    "created_by": null,
    "updated_by": null,
    "utilisateur": 2,
    "type_action": "modification",
    "description": "Modification du compte utilisateur djimi",
    "date_action": "2025-08-04T06:56:52.645Z",
    "ip_address": null,
    "user_agent": null,
    "url": null
  }
},
{
  "model": "core.activite",
  "pk": 16,
  "fields": {
    "created_at": "2025-08-04T07:04:22.662Z",
    "updated_at": "2025-08-04T07:04:22.662Z",
    "created_by": null,
    "updated_by": null,
    "utilisateur": 2,
    "type_action": "modification",
    "description": "Modification du compte utilisateur djimi",
    "date_action": "2025-08-04T07:04:22.662Z",
    "ip_address": null,
    "user_agent": null,
    "url": null
  }
},
{
  "model": "core.activite",
  "pk": 17,
  "fields": {
    "created_at": "2025-08-04T07:04:53.746Z",
    "updated_at": "2025-08-04T07:04:53.746Z",
    "created_by": null,
    "updated_by": null,
    "utilisateur": 2,
    "type_action": "modification",
    "description": "Modification du compte utilisateur djimi",
    "date_action": "2025-08-04T07:04:53.746Z",
    "ip_address": null,
    "user_agent": null,
    "url": null
  }
},
{
  "model": "core.activite",
  "pk": 18,
  "fields": {
    "created_at": "2025-08-05T16:53:26.938Z",
    "updated_at": "2025-08-05T16:53:26.938Z",
    "created_by": null,
    "updated_by": null,
    "utilisateur": 1,
    "type_action": "modification",
    "description": "Modification du compte utilisateur pymalien@gmail.com",
    "date_action": "2025-08-05T16:53:26.938Z",
    "ip_address": null,
    "user_agent": null,
    "url": null
  }
},
{
  "model": "core.activite",
  "pk": 19,
  "fields": {
    "created_at": "2025-08-05T16:53:26.950Z",
    "updated_at": "2025-08-05T16:53:26.950Z",
    "created_by": null,
    "updated_by": null,
    "utilisateur": 2,
    "type_action": "modification",
    "description": "Désactivation de l'utilisateur: pymalien@gmail.com",
    "date_action": "2025-08-05T16:53:26.950Z",
    "ip_address": "127.0.0.1",
    "user_agent": "Mozilla/5.0 (Windows NT 10.0; Win64; x64) AppleWebKit/537.36 (KHTML, like Gecko) Chrome/140.0.0.0 Safari/537.36",
    "url": "/core/users/1/toggle/"
  }
},
{
  "model": "core.activite",
  "pk": 20,
  "fields": {
    "created_at": "2025-08-05T16:53:29.585Z",
    "updated_at": "2025-08-05T16:53:29.585Z",
    "created_by": null,
    "updated_by": null,
    "utilisateur": 1,
    "type_action": "modification",
    "description": "Modification du compte utilisateur pymalien@gmail.com",
    "date_action": "2025-08-05T16:53:29.585Z",
    "ip_address": null,
    "user_agent": null,
    "url": null
  }
},
{
  "model": "core.activite",
  "pk": 21,
  "fields": {
    "created_at": "2025-08-05T16:53:29.591Z",
    "updated_at": "2025-08-05T16:53:29.591Z",
    "created_by": null,
    "updated_by": null,
    "utilisateur": 2,
    "type_action": "modification",
    "description": "Activation de l'utilisateur: pymalien@gmail.com",
    "date_action": "2025-08-05T16:53:29.591Z",
    "ip_address": "127.0.0.1",
    "user_agent": "Mozilla/5.0 (Windows NT 10.0; Win64; x64) AppleWebKit/537.36 (KHTML, like Gecko) Chrome/140.0.0.0 Safari/537.36",
    "url": "/core/users/1/toggle/"
  }
},
{
  "model": "core.activite",
  "pk": 22,
  "fields": {
    "created_at": "2025-08-05T17:04:27.509Z",
    "updated_at": "2025-08-05T17:04:27.509Z",
    "created_by": null,
    "updated_by": null,
    "utilisateur": 1,
    "type_action": "modification",
    "description": "Modification du compte utilisateur pymalien@gmail.com",
    "date_action": "2025-08-05T17:04:27.509Z",
    "ip_address": null,
    "user_agent": null,
    "url": null
  }
},
{
  "model": "core.activite",
  "pk": 23,
  "fields": {
    "created_at": "2025-08-05T17:04:27.532Z",
    "updated_at": "2025-08-05T17:04:27.532Z",
    "created_by": null,
    "updated_by": null,
    "utilisateur": 2,
    "type_action": "modification",
    "description": "Désactivation forcée de l'utilisateur: pymalien@gmail.com (suppression impossible - références: 1 transactions, 1 ventes)",
    "date_action": "2025-08-05T17:04:27.532Z",
    "ip_address": "127.0.0.1",
    "user_agent": "Mozilla/5.0 (Windows NT 10.0; Win64; x64) AppleWebKit/537.36 (KHTML, like Gecko) Chrome/140.0.0.0 Safari/537.36",
    "url": "/core/users/1/delete/"
  }
},
{
  "model": "core.activite",
  "pk": 24,
  "fields": {
    "created_at": "2025-08-05T17:07:27.014Z",
    "updated_at": "2025-08-05T17:07:27.014Z",
    "created_by": null,
    "updated_by": null,
    "utilisateur": 2,
    "type_action": "modification",
    "description": "Modification de l'utilisateur: djimi",
    "date_action": "2025-08-05T17:07:27.014Z",
    "ip_address": "127.0.0.1",
    "user_agent": "Mozilla/5.0 (Windows NT 10.0; Win64; x64) AppleWebKit/537.36 (KHTML, like Gecko) Chrome/140.0.0.0 Safari/537.36",
    "url": "/core/users/2/edit/"
  }
},
{
  "model": "core.activite",
  "pk": 25,
  "fields": {
    "created_at": "2025-08-05T17:07:27.031Z",
    "updated_at": "2025-08-05T17:07:27.031Z",
    "created_by": null,
    "updated_by": null,
    "utilisateur": 2,
    "type_action": "modification",
    "description": "Modification du compte utilisateur djimi",
    "date_action": "2025-08-05T17:07:27.031Z",
    "ip_address": null,
    "user_agent": null,
    "url": null
  }
},
{
  "model": "core.activite",
  "pk": 26,
  "fields": {
    "created_at": "2025-08-05T17:22:35.304Z",
    "updated_at": "2025-08-05T17:22:35.304Z",
    "created_by": null,
    "updated_by": null,
    "utilisateur": 4,
    "type_action": "creation",
    "description": "Création du compte utilisateur bolibanasugu@gmail.com",
    "date_action": "2025-08-05T17:22:35.304Z",
    "ip_address": null,
    "user_agent": null,
    "url": null
  }
},
{
  "model": "core.activite",
  "pk": 27,
  "fields": {
    "created_at": "2025-08-05T17:22:35.315Z",
    "updated_at": "2025-08-05T17:22:35.315Z",
    "created_by": null,
    "updated_by": null,
    "utilisateur": 2,
    "type_action": "creation",
    "description": "Création de l'utilisateur: bolibanasugu@gmail.com",
    "date_action": "2025-08-05T17:22:35.315Z",
    "ip_address": "127.0.0.1",
    "user_agent": "Mozilla/5.0 (Windows NT 10.0; Win64; x64) AppleWebKit/537.36 (KHTML, like Gecko) Chrome/140.0.0.0 Safari/537.36",
    "url": "/core/users/new/"
  }
},
{
  "model": "core.activite",
  "pk": 28,
  "fields": {
    "created_at": "2025-08-05T17:22:35.822Z",
    "updated_at": "2025-08-05T17:22:35.822Z",
    "created_by": null,
    "updated_by": null,
    "utilisateur": 4,
    "type_action": "modification",
    "description": "Modification du compte utilisateur bolibanasugu@gmail.com",
    "date_action": "2025-08-05T17:22:35.822Z",
    "ip_address": null,
    "user_agent": null,
    "url": null
  }
},
{
  "model": "core.activite",
  "pk": 29,
  "fields": {
    "created_at": "2025-08-05T17:22:52.369Z",
    "updated_at": "2025-08-05T17:22:52.369Z",
    "created_by": null,
    "updated_by": null,
    "utilisateur": 4,
    "type_action": "modification",
    "description": "Modification du compte utilisateur bolibanasugu@gmail.com",
    "date_action": "2025-08-05T17:22:52.369Z",
    "ip_address": null,
    "user_agent": null,
    "url": null
  }
},
{
  "model": "core.activite",
  "pk": 30,
  "fields": {
    "created_at": "2025-08-05T17:22:52.388Z",
    "updated_at": "2025-08-05T17:22:52.388Z",
    "created_by": null,
    "updated_by": null,
    "utilisateur": 2,
    "type_action": "modification",
    "description": "Modification de l'utilisateur: bolibanasugu@gmail.com",
    "date_action": "2025-08-05T17:22:52.388Z",
    "ip_address": "127.0.0.1",
    "user_agent": "Mozilla/5.0 (Windows NT 10.0; Win64; x64) AppleWebKit/537.36 (KHTML, like Gecko) Chrome/140.0.0.0 Safari/537.36",
    "url": "/core/users/4/edit/"
  }
},
{
  "model": "core.activite",
  "pk": 31,
  "fields": {
    "created_at": "2025-08-05T17:22:52.424Z",
    "updated_at": "2025-08-05T17:22:52.424Z",
    "created_by": null,
    "updated_by": null,
    "utilisateur": 4,
    "type_action": "modification",
    "description": "Modification du compte utilisateur bolibanasugu@gmail.com",
    "date_action": "2025-08-05T17:22:52.424Z",
    "ip_address": null,
    "user_agent": null,
    "url": null
  }
},
{
  "model": "core.activite",
  "pk": 32,
  "fields": {
    "created_at": "2025-08-05T17:23:15.157Z",
    "updated_at": "2025-08-05T17:23:15.157Z",
    "created_by": null,
    "updated_by": null,
    "utilisateur": 4,
    "type_action": "modification",
    "description": "Modification du compte utilisateur bolibanasugu@gmail.com",
    "date_action": "2025-08-05T17:23:15.157Z",
    "ip_address": null,
    "user_agent": null,
    "url": null
  }
},
{
  "model": "core.activite",
  "pk": 33,
  "fields": {
    "created_at": "2025-08-05T17:23:15.165Z",
    "updated_at": "2025-08-05T17:23:15.165Z",
    "created_by": null,
    "updated_by": null,
    "utilisateur": 2,
    "type_action": "modification",
    "description": "Modification de l'utilisateur: bolibanasugu@gmail.com",
    "date_action": "2025-08-05T17:23:15.166Z",
    "ip_address": "127.0.0.1",
    "user_agent": "Mozilla/5.0 (Windows NT 10.0; Win64; x64) AppleWebKit/537.36 (KHTML, like Gecko) Chrome/140.0.0.0 Safari/537.36",
    "url": "/core/users/4/edit/"
  }
},
{
  "model": "core.activite",
  "pk": 34,
  "fields": {
    "created_at": "2025-08-05T17:23:15.179Z",
    "updated_at": "2025-08-05T17:23:15.179Z",
    "created_by": null,
    "updated_by": null,
    "utilisateur": 4,
    "type_action": "modification",
    "description": "Modification du compte utilisateur bolibanasugu@gmail.com",
    "date_action": "2025-08-05T17:23:15.179Z",
    "ip_address": null,
    "user_agent": null,
    "url": null
  }
},
{
  "model": "core.activite",
  "pk": 35,
  "fields": {
    "created_at": "2025-08-05T17:30:47.028Z",
    "updated_at": "2025-08-05T17:30:47.028Z",
    "created_by": null,
    "updated_by": null,
    "utilisateur": 2,
    "type_action": "deconnexion",
    "description": "Déconnexion de l'utilisateur djimi",
    "date_action": "2025-08-05T17:30:47.029Z",
    "ip_address": "127.0.0.1",
    "user_agent": "Mozilla/5.0 (Windows NT 10.0; Win64; x64) AppleWebKit/537.36 (KHTML, like Gecko) Chrome/140.0.0.0 Safari/537.36",
    "url": "/accounts/logout/"
  }
},
{
  "model": "core.activite",
  "pk": 36,
  "fields": {
    "created_at": "2025-08-05T17:30:58.585Z",
    "updated_at": "2025-08-05T17:30:58.585Z",
    "created_by": null,
    "updated_by": null,
    "utilisateur": 2,
    "type_action": "modification",
    "description": "Modification du compte utilisateur djimi",
    "date_action": "2025-08-05T17:30:58.585Z",
    "ip_address": null,
    "user_agent": null,
    "url": null
  }
},
{
  "model": "core.activite",
  "pk": 37,
  "fields": {
    "created_at": "2025-08-05T17:30:58.594Z",
    "updated_at": "2025-08-05T17:30:58.594Z",
    "created_by": null,
    "updated_by": null,
    "utilisateur": 2,
    "type_action": "modification",
    "description": "Modification du compte utilisateur djimi",
    "date_action": "2025-08-05T17:30:58.594Z",
    "ip_address": null,
    "user_agent": null,
    "url": null
  }
},
{
  "model": "core.activite",
  "pk": 38,
  "fields": {
    "created_at": "2025-08-05T17:30:58.599Z",
    "updated_at": "2025-08-05T17:30:58.599Z",
    "created_by": null,
    "updated_by": null,
    "utilisateur": 2,
    "type_action": "connexion",
    "description": "Connexion de l'utilisateur djimi",
    "date_action": "2025-08-05T17:30:58.600Z",
    "ip_address": "127.0.0.1",
    "user_agent": "Mozilla/5.0 (Windows NT 10.0; Win64; x64) AppleWebKit/537.36 (KHTML, like Gecko) Chrome/140.0.0.0 Safari/537.36",
    "url": "/accounts/login/"
  }
},
{
  "model": "core.activite",
  "pk": 39,
  "fields": {
    "created_at": "2025-08-05T17:33:40.137Z",
    "updated_at": "2025-08-05T17:33:40.137Z",
    "created_by": null,
    "updated_by": null,
    "utilisateur": 3,
    "type_action": "modification",
    "description": "Modification du compte utilisateur mobile",
    "date_action": "2025-08-05T17:33:40.137Z",
    "ip_address": null,
    "user_agent": null,
    "url": null
  }
},
{
  "model": "core.activite",
  "pk": 40,
  "fields": {
    "created_at": "2025-08-05T17:34:09.953Z",
    "updated_at": "2025-08-05T17:34:09.953Z",
    "created_by": null,
    "updated_by": null,
    "utilisateur": 3,
    "type_action": "modification",
    "description": "Modification du compte utilisateur mobile",
    "date_action": "2025-08-05T17:34:09.953Z",
    "ip_address": null,
    "user_agent": null,
    "url": null
  }
},
{
  "model": "core.activite",
  "pk": 41,
  "fields": {
    "created_at": "2025-08-05T17:34:09.961Z",
    "updated_at": "2025-08-05T17:34:09.961Z",
    "created_by": null,
    "updated_by": null,
    "utilisateur": 2,
    "type_action": "modification",
    "description": "Modification de l'utilisateur: mobile",
    "date_action": "2025-08-05T17:34:09.961Z",
    "ip_address": "127.0.0.1",
    "user_agent": "Mozilla/5.0 (Windows NT 10.0; Win64; x64) AppleWebKit/537.36 (KHTML, like Gecko) Chrome/140.0.0.0 Safari/537.36",
    "url": "/core/users/3/edit/"
  }
},
{
  "model": "core.activite",
  "pk": 42,
  "fields": {
    "created_at": "2025-08-05T17:34:09.972Z",
    "updated_at": "2025-08-05T17:34:09.972Z",
    "created_by": null,
    "updated_by": null,
    "utilisateur": 3,
    "type_action": "modification",
    "description": "Modification du compte utilisateur mobile",
    "date_action": "2025-08-05T17:34:09.972Z",
    "ip_address": null,
    "user_agent": null,
    "url": null
  }
},
{
  "model": "core.activite",
  "pk": 43,
  "fields": {
    "created_at": "2025-08-05T17:44:55.176Z",
    "updated_at": "2025-08-05T17:44:55.176Z",
    "created_by": null,
    "updated_by": null,
    "utilisateur": 2,
    "type_action": "deconnexion",
    "description": "Déconnexion de l'utilisateur djimi",
    "date_action": "2025-08-05T17:44:55.176Z",
    "ip_address": "127.0.0.1",
    "user_agent": "Mozilla/5.0 (Windows NT 10.0; Win64; x64) AppleWebKit/537.36 (KHTML, like Gecko) Chrome/140.0.0.0 Safari/537.36",
    "url": "/accounts/logout/"
  }
},
{
  "model": "core.activite",
  "pk": 44,
  "fields": {
    "created_at": "2025-08-05T17:48:56.908Z",
    "updated_at": "2025-08-05T17:48:56.908Z",
    "created_by": null,
    "updated_by": null,
    "utilisateur": 3,
    "type_action": "modification",
    "description": "Modification du compte utilisateur mobile",
    "date_action": "2025-08-05T17:48:56.908Z",
    "ip_address": null,
    "user_agent": null,
    "url": null
  }
},
{
  "model": "core.activite",
  "pk": 45,
  "fields": {
    "created_at": "2025-08-05T17:49:45.919Z",
    "updated_at": "2025-08-05T17:49:45.919Z",
    "created_by": null,
    "updated_by": null,
    "utilisateur": 2,
    "type_action": "modification",
    "description": "Modification du compte utilisateur djimi",
    "date_action": "2025-08-05T17:49:45.919Z",
    "ip_address": null,
    "user_agent": null,
    "url": null
  }
},
{
  "model": "core.activite",
  "pk": 46,
  "fields": {
    "created_at": "2025-08-05T17:49:45.937Z",
    "updated_at": "2025-08-05T17:49:45.937Z",
    "created_by": null,
    "updated_by": null,
    "utilisateur": 2,
    "type_action": "modification",
    "description": "Modification du compte utilisateur djimi",
    "date_action": "2025-08-05T17:49:45.937Z",
    "ip_address": null,
    "user_agent": null,
    "url": null
  }
},
{
  "model": "core.activite",
  "pk": 47,
  "fields": {
    "created_at": "2025-08-05T17:49:45.947Z",
    "updated_at": "2025-08-05T17:49:45.947Z",
    "created_by": null,
    "updated_by": null,
    "utilisateur": 2,
    "type_action": "connexion",
    "description": "Connexion de l'utilisateur djimi",
    "date_action": "2025-08-05T17:49:45.947Z",
    "ip_address": "127.0.0.1",
    "user_agent": "Mozilla/5.0 (Windows NT 10.0; Win64; x64) AppleWebKit/537.36 (KHTML, like Gecko) Chrome/140.0.0.0 Safari/537.36",
    "url": "/accounts/login/"
  }
},
{
  "model": "core.activite",
  "pk": 48,
  "fields": {
    "created_at": "2025-08-05T17:51:10.832Z",
    "updated_at": "2025-08-05T17:51:10.832Z",
    "created_by": null,
    "updated_by": null,
    "utilisateur": 3,
    "type_action": "modification",
    "description": "Modification du compte utilisateur mobile",
    "date_action": "2025-08-05T17:51:10.833Z",
    "ip_address": null,
    "user_agent": null,
    "url": null
  }
},
{
  "model": "core.activite",
  "pk": 49,
  "fields": {
    "created_at": "2025-08-05T17:51:10.839Z",
    "updated_at": "2025-08-05T17:51:10.839Z",
    "created_by": null,
    "updated_by": null,
    "utilisateur": 2,
    "type_action": "modification",
    "description": "Modification de l'utilisateur: mobile",
    "date_action": "2025-08-05T17:51:10.839Z",
    "ip_address": "127.0.0.1",
    "user_agent": "Mozilla/5.0 (Windows NT 10.0; Win64; x64) AppleWebKit/537.36 (KHTML, like Gecko) Chrome/140.0.0.0 Safari/537.36",
    "url": "/core/users/3/edit/"
  }
},
{
  "model": "core.activite",
  "pk": 50,
  "fields": {
    "created_at": "2025-08-05T17:51:10.851Z",
    "updated_at": "2025-08-05T17:51:10.851Z",
    "created_by": null,
    "updated_by": null,
    "utilisateur": 3,
    "type_action": "modification",
    "description": "Modification du compte utilisateur mobile",
    "date_action": "2025-08-05T17:51:10.851Z",
    "ip_address": null,
    "user_agent": null,
    "url": null
  }
},
{
  "model": "core.activite",
  "pk": 51,
  "fields": {
    "created_at": "2025-08-05T17:52:11.633Z",
    "updated_at": "2025-08-05T17:52:11.633Z",
    "created_by": null,
    "updated_by": null,
    "utilisateur": 2,
    "type_action": "deconnexion",
    "description": "Déconnexion de l'utilisateur djimi",
    "date_action": "2025-08-05T17:52:11.633Z",
    "ip_address": "127.0.0.1",
    "user_agent": "Mozilla/5.0 (Windows NT 10.0; Win64; x64) AppleWebKit/537.36 (KHTML, like Gecko) Chrome/140.0.0.0 Safari/537.36",
    "url": "/accounts/logout/"
  }
},
{
  "model": "core.activite",
  "pk": 52,
  "fields": {
    "created_at": "2025-08-05T19:07:04.566Z",
    "updated_at": "2025-08-05T19:07:04.566Z",
    "created_by": null,
    "updated_by": null,
    "utilisateur": 5,
    "type_action": "creation",
    "description": "Création du compte utilisateur koko",
    "date_action": "2025-08-05T19:07:04.566Z",
    "ip_address": null,
    "user_agent": null,
    "url": null
  }
},
{
  "model": "core.activite",
  "pk": 53,
  "fields": {
    "created_at": "2025-08-05T19:07:04.622Z",
    "updated_at": "2025-08-05T19:07:04.622Z",
    "created_by": null,
    "updated_by": null,
    "utilisateur": 5,
    "type_action": "modification",
    "description": "Modification du compte utilisateur koko",
    "date_action": "2025-08-05T19:07:04.622Z",
    "ip_address": null,
    "user_agent": null,
    "url": null
  }
},
{
  "model": "core.activite",
  "pk": 54,
  "fields": {
    "created_at": "2025-08-05T19:07:04.636Z",
    "updated_at": "2025-08-05T19:07:04.636Z",
    "created_by": null,
    "updated_by": null,
    "utilisateur": 5,
    "type_action": "creation",
    "description": "Création du site \"konimba-djimiga\" par koko",
    "date_action": "2025-08-05T19:07:04.636Z",
    "ip_address": "127.0.0.1",
    "user_agent": "Mozilla/5.0 (Windows NT 10.0; Win64; x64) AppleWebKit/537.36 (KHTML, like Gecko) Chrome/140.0.0.0 Safari/537.36",
    "url": "/signup/"
  }
},
{
  "model": "core.activite",
  "pk": 55,
  "fields": {
    "created_at": "2025-08-05T19:07:06.257Z",
    "updated_at": "2025-08-05T19:07:06.257Z",
    "created_by": null,
    "updated_by": null,
    "utilisateur": 5,
    "type_action": "modification",
    "description": "Modification du compte utilisateur koko",
    "date_action": "2025-08-05T19:07:06.257Z",
    "ip_address": null,
    "user_agent": null,
    "url": null
  }
},
{
  "model": "core.activite",
  "pk": 56,
  "fields": {
    "created_at": "2025-08-05T20:01:48.303Z",
    "updated_at": "2025-08-05T20:01:48.303Z",
    "created_by": null,
    "updated_by": null,
    "utilisateur": 5,
    "type_action": "modification",
    "description": "Modification du compte utilisateur koko",
    "date_action": "2025-08-05T20:01:48.303Z",
    "ip_address": null,
    "user_agent": null,
    "url": null
  }
},
{
  "model": "core.activite",
  "pk": 57,
  "fields": {
    "created_at": "2025-08-05T20:01:48.320Z",
    "updated_at": "2025-08-05T20:01:48.320Z",
    "created_by": null,
    "updated_by": null,
    "utilisateur": 5,
    "type_action": "modification",
    "description": "Modification du compte utilisateur koko",
    "date_action": "2025-08-05T20:01:48.320Z",
    "ip_address": null,
    "user_agent": null,
    "url": null
  }
},
{
  "model": "core.activite",
  "pk": 58,
  "fields": {
    "created_at": "2025-08-05T20:01:48.327Z",
    "updated_at": "2025-08-05T20:01:48.327Z",
    "created_by": null,
    "updated_by": null,
    "utilisateur": 5,
    "type_action": "connexion",
    "description": "Connexion de l'utilisateur koko",
    "date_action": "2025-08-05T20:01:48.327Z",
    "ip_address": "127.0.0.1",
    "user_agent": "Mozilla/5.0 (Windows NT 10.0; Win64; x64) AppleWebKit/537.36 (KHTML, like Gecko) Chrome/140.0.0.0 Safari/537.36",
    "url": "/accounts/login/"
  }
},
{
  "model": "core.activite",
  "pk": 59,
  "fields": {
    "created_at": "2025-08-05T20:18:40.507Z",
    "updated_at": "2025-08-05T20:18:40.507Z",
    "created_by": null,
    "updated_by": null,
    "utilisateur": 5,
    "type_action": "deconnexion",
    "description": "Déconnexion de l'utilisateur koko",
    "date_action": "2025-08-05T20:18:40.507Z",
    "ip_address": "127.0.0.1",
    "user_agent": "Mozilla/5.0 (Windows NT 10.0; Win64; x64) AppleWebKit/537.36 (KHTML, like Gecko) Chrome/140.0.0.0 Safari/537.36",
    "url": "/accounts/logout/"
  }
},
{
  "model": "core.activite",
  "pk": 60,
  "fields": {
    "created_at": "2025-08-05T20:27:38.046Z",
    "updated_at": "2025-08-05T20:27:38.046Z",
    "created_by": null,
    "updated_by": null,
    "utilisateur": 5,
    "type_action": "modification",
    "description": "Modification du compte utilisateur koko",
    "date_action": "2025-08-05T20:27:38.046Z",
    "ip_address": null,
    "user_agent": null,
    "url": null
  }
},
{
  "model": "core.activite",
  "pk": 61,
  "fields": {
    "created_at": "2025-08-05T20:27:38.056Z",
    "updated_at": "2025-08-05T20:27:38.056Z",
    "created_by": null,
    "updated_by": null,
    "utilisateur": 5,
    "type_action": "modification",
    "description": "Modification du compte utilisateur koko",
    "date_action": "2025-08-05T20:27:38.056Z",
    "ip_address": null,
    "user_agent": null,
    "url": null
  }
},
{
  "model": "core.activite",
  "pk": 62,
  "fields": {
    "created_at": "2025-08-05T20:27:38.061Z",
    "updated_at": "2025-08-05T20:27:38.061Z",
    "created_by": null,
    "updated_by": null,
    "utilisateur": 5,
    "type_action": "connexion",
    "description": "Connexion de l'utilisateur koko",
    "date_action": "2025-08-05T20:27:38.061Z",
    "ip_address": "127.0.0.1",
    "user_agent": "Mozilla/5.0 (Windows NT 10.0; Win64; x64) AppleWebKit/537.36 (KHTML, like Gecko) Chrome/140.0.0.0 Safari/537.36",
    "url": "/accounts/login/"
  }
},
{
  "model": "core.activite",
  "pk": 63,
  "fields": {
    "created_at": "2025-08-05T20:37:09.695Z",
    "updated_at": "2025-08-05T20:37:09.695Z",
    "created_by": null,
    "updated_by": null,
    "utilisateur": 5,
    "type_action": "modification",
    "description": "Modification du compte utilisateur koko",
    "date_action": "2025-08-05T20:37:09.695Z",
    "ip_address": null,
    "user_agent": null,
    "url": null
  }
},
{
  "model": "core.activite",
  "pk": 64,
  "fields": {
    "created_at": "2025-08-05T20:38:51.256Z",
    "updated_at": "2025-08-05T20:38:51.256Z",
    "created_by": null,
    "updated_by": null,
    "utilisateur": 5,
    "type_action": "deconnexion",
    "description": "Déconnexion de l'utilisateur koko",
    "date_action": "2025-08-05T20:38:51.256Z",
    "ip_address": "127.0.0.1",
    "user_agent": "Mozilla/5.0 (Windows NT 10.0; Win64; x64) AppleWebKit/537.36 (KHTML, like Gecko) Chrome/140.0.0.0 Safari/537.36",
    "url": "/accounts/logout/"
  }
},
{
  "model": "core.activite",
  "pk": 65,
  "fields": {
    "created_at": "2025-08-05T20:39:50.604Z",
    "updated_at": "2025-08-05T20:39:50.604Z",
    "created_by": null,
    "updated_by": null,
    "utilisateur": 6,
    "type_action": "creation",
    "description": "Création du compte utilisateur tech",
    "date_action": "2025-08-05T20:39:50.604Z",
    "ip_address": null,
    "user_agent": null,
    "url": null
  }
},
{
  "model": "core.activite",
  "pk": 66,
  "fields": {
    "created_at": "2025-08-05T20:39:50.629Z",
    "updated_at": "2025-08-05T20:39:50.629Z",
    "created_by": null,
    "updated_by": null,
    "utilisateur": 6,
    "type_action": "modification",
    "description": "Modification du compte utilisateur tech",
    "date_action": "2025-08-05T20:39:50.629Z",
    "ip_address": null,
    "user_agent": null,
    "url": null
  }
},
{
  "model": "core.activite",
  "pk": 67,
  "fields": {
    "created_at": "2025-08-05T20:39:50.635Z",
    "updated_at": "2025-08-05T20:39:50.635Z",
    "created_by": null,
    "updated_by": null,
    "utilisateur": 6,
    "type_action": "creation",
    "description": "Création du site \"konimba-djimiga-1\" par tech",
    "date_action": "2025-08-05T20:39:50.635Z",
    "ip_address": "127.0.0.1",
    "user_agent": "Mozilla/5.0 (Windows NT 10.0; Win64; x64) AppleWebKit/537.36 (KHTML, like Gecko) Chrome/140.0.0.0 Safari/537.36",
    "url": "/signup/"
  }
},
{
  "model": "core.activite",
  "pk": 68,
  "fields": {
    "created_at": "2025-08-05T20:39:50.883Z",
    "updated_at": "2025-08-05T20:39:50.883Z",
    "created_by": null,
    "updated_by": null,
    "utilisateur": 6,
    "type_action": "modification",
    "description": "Modification du compte utilisateur tech",
    "date_action": "2025-08-05T20:39:50.883Z",
    "ip_address": null,
    "user_agent": null,
    "url": null
  }
},
{
  "model": "core.activite",
  "pk": 69,
  "fields": {
    "created_at": "2025-08-05T20:39:59.581Z",
    "updated_at": "2025-08-05T20:39:59.581Z",
    "created_by": null,
    "updated_by": null,
    "utilisateur": 6,
    "type_action": "modification",
    "description": "Modification du compte utilisateur tech",
    "date_action": "2025-08-05T20:39:59.581Z",
    "ip_address": null,
    "user_agent": null,
    "url": null
  }
},
{
  "model": "core.activite",
  "pk": 70,
  "fields": {
    "created_at": "2025-08-05T20:39:59.591Z",
    "updated_at": "2025-08-05T20:39:59.591Z",
    "created_by": null,
    "updated_by": null,
    "utilisateur": 6,
    "type_action": "modification",
    "description": "Modification du compte utilisateur tech",
    "date_action": "2025-08-05T20:39:59.591Z",
    "ip_address": null,
    "user_agent": null,
    "url": null
  }
},
{
  "model": "core.activite",
  "pk": 71,
  "fields": {
    "created_at": "2025-08-05T20:39:59.596Z",
    "updated_at": "2025-08-05T20:39:59.596Z",
    "created_by": null,
    "updated_by": null,
    "utilisateur": 6,
    "type_action": "connexion",
    "description": "Connexion de l'utilisateur tech",
    "date_action": "2025-08-05T20:39:59.596Z",
    "ip_address": "127.0.0.1",
    "user_agent": "Mozilla/5.0 (Windows NT 10.0; Win64; x64) AppleWebKit/537.36 (KHTML, like Gecko) Chrome/140.0.0.0 Safari/537.36",
    "url": "/accounts/login/"
  }
},
{
  "model": "core.activite",
  "pk": 72,
  "fields": {
    "created_at": "2025-08-05T20:44:25.275Z",
    "updated_at": "2025-08-05T20:44:25.275Z",
    "created_by": null,
    "updated_by": null,
    "utilisateur": 6,
    "type_action": "deconnexion",
    "description": "Déconnexion de l'utilisateur tech",
    "date_action": "2025-08-05T20:44:25.275Z",
    "ip_address": "127.0.0.1",
    "user_agent": "Mozilla/5.0 (Windows NT 10.0; Win64; x64) AppleWebKit/537.36 (KHTML, like Gecko) Chrome/140.0.0.0 Safari/537.36",
    "url": "/accounts/logout/"
  }
},
{
  "model": "core.activite",
  "pk": 73,
  "fields": {
    "created_at": "2025-08-05T20:46:06.254Z",
    "updated_at": "2025-08-05T20:46:06.254Z",
    "created_by": null,
    "updated_by": null,
    "utilisateur": 7,
    "type_action": "creation",
    "description": "Création du compte utilisateur jhon",
    "date_action": "2025-08-05T20:46:06.255Z",
    "ip_address": null,
    "user_agent": null,
    "url": null
  }
},
{
  "model": "core.activite",
  "pk": 74,
  "fields": {
    "created_at": "2025-08-05T20:46:06.300Z",
    "updated_at": "2025-08-05T20:46:06.300Z",
    "created_by": null,
    "updated_by": null,
    "utilisateur": 7,
    "type_action": "modification",
    "description": "Modification du compte utilisateur jhon",
    "date_action": "2025-08-05T20:46:06.300Z",
    "ip_address": null,
    "user_agent": null,
    "url": null
  }
},
{
  "model": "core.activite",
  "pk": 75,
  "fields": {
    "created_at": "2025-08-05T20:46:06.313Z",
    "updated_at": "2025-08-05T20:46:06.313Z",
    "created_by": null,
    "updated_by": null,
    "utilisateur": 7,
    "type_action": "creation",
    "description": "Création du site \"konimba-djimiga-2\" par jhon",
    "date_action": "2025-08-05T20:46:06.314Z",
    "ip_address": "127.0.0.1",
    "user_agent": "Mozilla/5.0 (Windows NT 10.0; Win64; x64) AppleWebKit/537.36 (KHTML, like Gecko) Chrome/140.0.0.0 Safari/537.36",
    "url": "/signup/"
  }
},
{
  "model": "core.activite",
  "pk": 76,
  "fields": {
    "created_at": "2025-08-05T20:46:09.269Z",
    "updated_at": "2025-08-05T20:46:09.269Z",
    "created_by": null,
    "updated_by": null,
    "utilisateur": 7,
    "type_action": "modification",
    "description": "Modification du compte utilisateur jhon",
    "date_action": "2025-08-05T20:46:09.269Z",
    "ip_address": null,
    "user_agent": null,
    "url": null
  }
},
{
  "model": "core.activite",
  "pk": 77,
  "fields": {
    "created_at": "2025-08-05T20:46:30.012Z",
    "updated_at": "2025-08-05T20:46:30.012Z",
    "created_by": null,
    "updated_by": null,
    "utilisateur": 7,
    "type_action": "modification",
    "description": "Modification du compte utilisateur jhon",
    "date_action": "2025-08-05T20:46:30.012Z",
    "ip_address": null,
    "user_agent": null,
    "url": null
  }
},
{
  "model": "core.activite",
  "pk": 78,
  "fields": {
    "created_at": "2025-08-05T20:46:30.040Z",
    "updated_at": "2025-08-05T20:46:30.040Z",
    "created_by": null,
    "updated_by": null,
    "utilisateur": 7,
    "type_action": "modification",
    "description": "Modification du compte utilisateur jhon",
    "date_action": "2025-08-05T20:46:30.040Z",
    "ip_address": null,
    "user_agent": null,
    "url": null
  }
},
{
  "model": "core.activite",
  "pk": 79,
  "fields": {
    "created_at": "2025-08-05T20:46:30.051Z",
    "updated_at": "2025-08-05T20:46:30.051Z",
    "created_by": null,
    "updated_by": null,
    "utilisateur": 7,
    "type_action": "connexion",
    "description": "Connexion de l'utilisateur jhon",
    "date_action": "2025-08-05T20:46:30.051Z",
    "ip_address": "127.0.0.1",
    "user_agent": "Mozilla/5.0 (Windows NT 10.0; Win64; x64) AppleWebKit/537.36 (KHTML, like Gecko) Chrome/140.0.0.0 Safari/537.36",
    "url": "/accounts/login/"
  }
},
{
  "model": "core.activite",
  "pk": 80,
  "fields": {
    "created_at": "2025-08-05T21:21:16.748Z",
    "updated_at": "2025-08-05T21:21:16.748Z",
    "created_by": null,
    "updated_by": null,
    "utilisateur": 7,
    "type_action": "deconnexion",
    "description": "Déconnexion de l'utilisateur jhon",
    "date_action": "2025-08-05T21:21:16.748Z",
    "ip_address": "127.0.0.1",
    "user_agent": "Mozilla/5.0 (Windows NT 10.0; Win64; x64) AppleWebKit/537.36 (KHTML, like Gecko) Chrome/140.0.0.0 Safari/537.36",
    "url": "/accounts/logout/"
  }
},
{
  "model": "core.activite",
  "pk": 81,
  "fields": {
    "created_at": "2025-08-05T21:31:38.114Z",
    "updated_at": "2025-08-05T21:31:38.114Z",
    "created_by": null,
    "updated_by": null,
    "utilisateur": 5,
    "type_action": "modification",
    "description": "Modification du compte utilisateur koko",
    "date_action": "2025-08-05T21:31:38.114Z",
    "ip_address": null,
    "user_agent": null,
    "url": null
  }
},
{
  "model": "core.activite",
  "pk": 82,
  "fields": {
    "created_at": "2025-08-05T21:31:38.131Z",
    "updated_at": "2025-08-05T21:31:38.131Z",
    "created_by": null,
    "updated_by": null,
    "utilisateur": 5,
    "type_action": "modification",
    "description": "Modification du compte utilisateur koko",
    "date_action": "2025-08-05T21:31:38.131Z",
    "ip_address": null,
    "user_agent": null,
    "url": null
  }
},
{
  "model": "core.activite",
  "pk": 83,
  "fields": {
    "created_at": "2025-08-05T21:31:38.138Z",
    "updated_at": "2025-08-05T21:31:38.138Z",
    "created_by": null,
    "updated_by": null,
    "utilisateur": 5,
    "type_action": "connexion",
    "description": "Connexion de l'utilisateur koko",
    "date_action": "2025-08-05T21:31:38.138Z",
    "ip_address": "127.0.0.1",
    "user_agent": "Mozilla/5.0 (Windows NT 10.0; Win64; x64) AppleWebKit/537.36 (KHTML, like Gecko) Chrome/140.0.0.0 Safari/537.36",
    "url": "/accounts/login/"
  }
},
{
  "model": "core.activite",
  "pk": 84,
  "fields": {
    "created_at": "2025-08-05T21:32:06.727Z",
    "updated_at": "2025-08-05T21:32:06.727Z",
    "created_by": null,
    "updated_by": null,
    "utilisateur": 5,
    "type_action": "deconnexion",
    "description": "Déconnexion de l'utilisateur koko",
    "date_action": "2025-08-05T21:32:06.727Z",
    "ip_address": "127.0.0.1",
    "user_agent": "Mozilla/5.0 (Windows NT 10.0; Win64; x64) AppleWebKit/537.36 (KHTML, like Gecko) Chrome/140.0.0.0 Safari/537.36",
    "url": "/accounts/logout/"
  }
},
{
  "model": "core.activite",
  "pk": 85,
  "fields": {
    "created_at": "2025-08-05T21:32:16.259Z",
    "updated_at": "2025-08-05T21:32:16.259Z",
    "created_by": null,
    "updated_by": null,
    "utilisateur": 2,
    "type_action": "modification",
    "description": "Modification du compte utilisateur djimi",
    "date_action": "2025-08-05T21:32:16.259Z",
    "ip_address": null,
    "user_agent": null,
    "url": null
  }
},
{
  "model": "core.activite",
  "pk": 86,
  "fields": {
    "created_at": "2025-08-05T21:32:16.270Z",
    "updated_at": "2025-08-05T21:32:16.270Z",
    "created_by": null,
    "updated_by": null,
    "utilisateur": 2,
    "type_action": "modification",
    "description": "Modification du compte utilisateur djimi",
    "date_action": "2025-08-05T21:32:16.270Z",
    "ip_address": null,
    "user_agent": null,
    "url": null
  }
},
{
  "model": "core.activite",
  "pk": 87,
  "fields": {
    "created_at": "2025-08-05T21:32:16.272Z",
    "updated_at": "2025-08-05T21:32:16.272Z",
    "created_by": null,
    "updated_by": null,
    "utilisateur": 2,
    "type_action": "connexion",
    "description": "Connexion de l'utilisateur djimi",
    "date_action": "2025-08-05T21:32:16.272Z",
    "ip_address": "127.0.0.1",
    "user_agent": "Mozilla/5.0 (Windows NT 10.0; Win64; x64) AppleWebKit/537.36 (KHTML, like Gecko) Chrome/140.0.0.0 Safari/537.36",
    "url": "/accounts/login/"
  }
},
{
  "model": "core.activite",
  "pk": 88,
  "fields": {
    "created_at": "2025-08-05T21:33:21.450Z",
    "updated_at": "2025-08-05T21:33:21.450Z",
    "created_by": null,
    "updated_by": null,
    "utilisateur": 2,
    "type_action": "deconnexion",
    "description": "Déconnexion de l'utilisateur djimi",
    "date_action": "2025-08-05T21:33:21.450Z",
    "ip_address": "127.0.0.1",
    "user_agent": "Mozilla/5.0 (Windows NT 10.0; Win64; x64) AppleWebKit/537.36 (KHTML, like Gecko) Chrome/140.0.0.0 Safari/537.36",
    "url": "/accounts/logout/"
  }
},
{
  "model": "core.activite",
  "pk": 89,
  "fields": {
    "created_at": "2025-08-05T21:33:30.710Z",
    "updated_at": "2025-08-05T21:33:30.710Z",
    "created_by": null,
    "updated_by": null,
    "utilisateur": 2,
    "type_action": "modification",
    "description": "Modification du compte utilisateur djimi",
    "date_action": "2025-08-05T21:33:30.710Z",
    "ip_address": null,
    "user_agent": null,
    "url": null
  }
},
{
  "model": "core.activite",
  "pk": 90,
  "fields": {
    "created_at": "2025-08-05T21:33:30.720Z",
    "updated_at": "2025-08-05T21:33:30.720Z",
    "created_by": null,
    "updated_by": null,
    "utilisateur": 2,
    "type_action": "modification",
    "description": "Modification du compte utilisateur djimi",
    "date_action": "2025-08-05T21:33:30.720Z",
    "ip_address": null,
    "user_agent": null,
    "url": null
  }
},
{
  "model": "core.activite",
  "pk": 91,
  "fields": {
    "created_at": "2025-08-05T21:33:30.726Z",
    "updated_at": "2025-08-05T21:33:30.726Z",
    "created_by": null,
    "updated_by": null,
    "utilisateur": 2,
    "type_action": "connexion",
    "description": "Connexion de l'utilisateur djimi",
    "date_action": "2025-08-05T21:33:30.726Z",
    "ip_address": "127.0.0.1",
    "user_agent": "Mozilla/5.0 (Windows NT 10.0; Win64; x64) AppleWebKit/537.36 (KHTML, like Gecko) Chrome/140.0.0.0 Safari/537.36",
    "url": "/accounts/login/"
  }
},
{
  "model": "core.activite",
  "pk": 92,
  "fields": {
    "created_at": "2025-08-05T21:33:54.983Z",
    "updated_at": "2025-08-05T21:33:54.983Z",
    "created_by": null,
    "updated_by": null,
    "utilisateur": 2,
    "type_action": "deconnexion",
    "description": "Déconnexion de l'utilisateur djimi",
    "date_action": "2025-08-05T21:33:54.983Z",
    "ip_address": "127.0.0.1",
    "user_agent": "Mozilla/5.0 (Windows NT 10.0; Win64; x64) AppleWebKit/537.36 (KHTML, like Gecko) Chrome/140.0.0.0 Safari/537.36",
    "url": "/accounts/logout/"
  }
},
{
  "model": "core.activite",
  "pk": 93,
  "fields": {
    "created_at": "2025-08-05T21:34:12.889Z",
    "updated_at": "2025-08-05T21:34:12.889Z",
    "created_by": null,
    "updated_by": null,
    "utilisateur": 7,
    "type_action": "modification",
    "description": "Modification du compte utilisateur jhon",
    "date_action": "2025-08-05T21:34:12.890Z",
    "ip_address": null,
    "user_agent": null,
    "url": null
  }
},
{
  "model": "core.activite",
  "pk": 94,
  "fields": {
    "created_at": "2025-08-05T21:34:12.907Z",
    "updated_at": "2025-08-05T21:34:12.907Z",
    "created_by": null,
    "updated_by": null,
    "utilisateur": 7,
    "type_action": "modification",
    "description": "Modification du compte utilisateur jhon",
    "date_action": "2025-08-05T21:34:12.907Z",
    "ip_address": null,
    "user_agent": null,
    "url": null
  }
},
{
  "model": "core.activite",
  "pk": 95,
  "fields": {
    "created_at": "2025-08-05T21:34:12.919Z",
    "updated_at": "2025-08-05T21:34:12.919Z",
    "created_by": null,
    "updated_by": null,
    "utilisateur": 7,
    "type_action": "connexion",
    "description": "Connexion de l'utilisateur jhon",
    "date_action": "2025-08-05T21:34:12.919Z",
    "ip_address": "127.0.0.1",
    "user_agent": "Mozilla/5.0 (Windows NT 10.0; Win64; x64) AppleWebKit/537.36 (KHTML, like Gecko) Chrome/140.0.0.0 Safari/537.36",
    "url": "/accounts/login/"
  }
},
{
  "model": "core.activite",
  "pk": 96,
  "fields": {
    "created_at": "2025-08-06T17:01:21.008Z",
    "updated_at": "2025-08-06T17:01:21.008Z",
    "created_by": null,
    "updated_by": null,
    "utilisateur": 7,
    "type_action": "deconnexion",
    "description": "Déconnexion de l'utilisateur jhon",
    "date_action": "2025-08-06T17:01:21.009Z",
    "ip_address": "127.0.0.1",
    "user_agent": "Mozilla/5.0 (Windows NT 10.0; Win64; x64) AppleWebKit/537.36 (KHTML, like Gecko) Chrome/140.0.0.0 Safari/537.36",
    "url": "/accounts/logout/"
  }
},
{
  "model": "core.activite",
  "pk": 97,
  "fields": {
    "created_at": "2025-08-06T17:01:32.320Z",
    "updated_at": "2025-08-06T17:01:32.320Z",
    "created_by": null,
    "updated_by": null,
    "utilisateur": 7,
    "type_action": "modification",
    "description": "Modification du compte utilisateur jhon",
    "date_action": "2025-08-06T17:01:32.320Z",
    "ip_address": null,
    "user_agent": null,
    "url": null
  }
},
{
  "model": "core.activite",
  "pk": 98,
  "fields": {
    "created_at": "2025-08-06T17:01:32.338Z",
    "updated_at": "2025-08-06T17:01:32.338Z",
    "created_by": null,
    "updated_by": null,
    "utilisateur": 7,
    "type_action": "modification",
    "description": "Modification du compte utilisateur jhon",
    "date_action": "2025-08-06T17:01:32.338Z",
    "ip_address": null,
    "user_agent": null,
    "url": null
  }
},
{
  "model": "core.activite",
  "pk": 99,
  "fields": {
    "created_at": "2025-08-06T17:01:32.345Z",
    "updated_at": "2025-08-06T17:01:32.345Z",
    "created_by": null,
    "updated_by": null,
    "utilisateur": 7,
    "type_action": "connexion",
    "description": "Connexion de l'utilisateur jhon",
    "date_action": "2025-08-06T17:01:32.345Z",
    "ip_address": "127.0.0.1",
    "user_agent": "Mozilla/5.0 (Windows NT 10.0; Win64; x64) AppleWebKit/537.36 (KHTML, like Gecko) Chrome/140.0.0.0 Safari/537.36",
    "url": "/accounts/login/"
  }
},
{
  "model": "core.activite",
  "pk": 100,
  "fields": {
    "created_at": "2025-08-06T17:02:03.938Z",
    "updated_at": "2025-08-06T17:02:03.938Z",
    "created_by": null,
    "updated_by": null,
    "utilisateur": 7,
    "type_action": "deconnexion",
    "description": "Déconnexion de l'utilisateur jhon",
    "date_action": "2025-08-06T17:02:03.938Z",
    "ip_address": "127.0.0.1",
    "user_agent": "Mozilla/5.0 (Windows NT 10.0; Win64; x64) AppleWebKit/537.36 (KHTML, like Gecko) Chrome/140.0.0.0 Safari/537.36",
    "url": "/accounts/logout/"
  }
},
{
  "model": "core.activite",
  "pk": 101,
  "fields": {
    "created_at": "2025-08-06T17:06:25.952Z",
    "updated_at": "2025-08-06T17:06:25.952Z",
    "created_by": null,
    "updated_by": null,
    "utilisateur": 8,
    "type_action": "creation",
    "description": "Création du compte utilisateur py",
    "date_action": "2025-08-06T17:06:25.952Z",
    "ip_address": null,
    "user_agent": null,
    "url": null
  }
},
{
  "model": "core.activite",
  "pk": 102,
  "fields": {
    "created_at": "2025-08-06T17:06:25.973Z",
    "updated_at": "2025-08-06T17:06:25.973Z",
    "created_by": null,
    "updated_by": null,
    "utilisateur": 8,
    "type_action": "modification",
    "description": "Modification du compte utilisateur py",
    "date_action": "2025-08-06T17:06:25.973Z",
    "ip_address": null,
    "user_agent": null,
    "url": null
  }
},
{
  "model": "core.activite",
  "pk": 103,
  "fields": {
    "created_at": "2025-08-06T17:06:25.978Z",
    "updated_at": "2025-08-06T17:06:25.978Z",
    "created_by": null,
    "updated_by": null,
    "utilisateur": 8,
    "type_action": "creation",
    "description": "Création du site \"malien-djimiga\" par py",
    "date_action": "2025-08-06T17:06:25.978Z",
    "ip_address": "127.0.0.1",
    "user_agent": "Mozilla/5.0 (Windows NT 10.0; Win64; x64) AppleWebKit/537.36 (KHTML, like Gecko) Chrome/140.0.0.0 Safari/537.36",
    "url": "/signup/"
  }
},
{
  "model": "core.activite",
  "pk": 104,
  "fields": {
    "created_at": "2025-08-06T17:06:26.282Z",
    "updated_at": "2025-08-06T17:06:26.282Z",
    "created_by": null,
    "updated_by": null,
    "utilisateur": 8,
    "type_action": "modification",
    "description": "Modification du compte utilisateur py",
    "date_action": "2025-08-06T17:06:26.282Z",
    "ip_address": null,
    "user_agent": null,
    "url": null
  }
},
{
  "model": "core.activite",
  "pk": 105,
  "fields": {
    "created_at": "2025-08-06T17:11:32.183Z",
    "updated_at": "2025-08-06T17:11:32.183Z",
    "created_by": null,
    "updated_by": null,
    "utilisateur": 2,
    "type_action": "modification",
    "description": "Modification du compte utilisateur djimi",
    "date_action": "2025-08-06T17:11:32.183Z",
    "ip_address": null,
    "user_agent": null,
    "url": null
  }
},
{
  "model": "core.activite",
  "pk": 106,
  "fields": {
    "created_at": "2025-08-06T17:11:32.199Z",
    "updated_at": "2025-08-06T17:11:32.200Z",
    "created_by": null,
    "updated_by": null,
    "utilisateur": 2,
    "type_action": "modification",
    "description": "Modification du compte utilisateur djimi",
    "date_action": "2025-08-06T17:11:32.200Z",
    "ip_address": null,
    "user_agent": null,
    "url": null
  }
},
{
  "model": "core.activite",
  "pk": 107,
  "fields": {
    "created_at": "2025-08-06T17:11:32.214Z",
    "updated_at": "2025-08-06T17:11:32.214Z",
    "created_by": null,
    "updated_by": null,
    "utilisateur": 2,
    "type_action": "connexion",
    "description": "Connexion de l'utilisateur djimi",
    "date_action": "2025-08-06T17:11:32.214Z",
    "ip_address": "127.0.0.1",
    "user_agent": "Mozilla/5.0 (Windows NT 10.0; Win64; x64) AppleWebKit/537.36 (KHTML, like Gecko) Chrome/140.0.0.0 Safari/537.36",
    "url": "/accounts/login/"
  }
},
{
  "model": "core.activite",
  "pk": 108,
  "fields": {
    "created_at": "2025-08-06T17:15:09.692Z",
    "updated_at": "2025-08-06T17:15:09.692Z",
    "created_by": null,
    "updated_by": null,
    "utilisateur": 2,
    "type_action": "deconnexion",
    "description": "Déconnexion de l'utilisateur djimi",
    "date_action": "2025-08-06T17:15:09.692Z",
    "ip_address": "127.0.0.1",
    "user_agent": "Mozilla/5.0 (Windows NT 10.0; Win64; x64) AppleWebKit/537.36 (KHTML, like Gecko) Chrome/140.0.0.0 Safari/537.36",
    "url": "/accounts/logout/"
  }
},
{
  "model": "core.activite",
  "pk": 109,
  "fields": {
    "created_at": "2025-08-06T17:16:12.583Z",
    "updated_at": "2025-08-06T17:16:12.584Z",
    "created_by": null,
    "updated_by": null,
    "utilisateur": 8,
    "type_action": "modification",
    "description": "Modification du compte utilisateur py",
    "date_action": "2025-08-06T17:16:12.584Z",
    "ip_address": null,
    "user_agent": null,
    "url": null
  }
},
{
  "model": "core.activite",
  "pk": 110,
  "fields": {
    "created_at": "2025-08-06T17:16:12.597Z",
    "updated_at": "2025-08-06T17:16:12.597Z",
    "created_by": null,
    "updated_by": null,
    "utilisateur": 8,
    "type_action": "modification",
    "description": "Modification du compte utilisateur py",
    "date_action": "2025-08-06T17:16:12.597Z",
    "ip_address": null,
    "user_agent": null,
    "url": null
  }
},
{
  "model": "core.activite",
  "pk": 111,
  "fields": {
    "created_at": "2025-08-06T17:16:12.605Z",
    "updated_at": "2025-08-06T17:16:12.605Z",
    "created_by": null,
    "updated_by": null,
    "utilisateur": 8,
    "type_action": "connexion",
    "description": "Connexion de l'utilisateur py",
    "date_action": "2025-08-06T17:16:12.605Z",
    "ip_address": "127.0.0.1",
    "user_agent": "Mozilla/5.0 (Windows NT 10.0; Win64; x64) AppleWebKit/537.36 (KHTML, like Gecko) Chrome/140.0.0.0 Safari/537.36",
    "url": "/accounts/login/"
  }
},
{
  "model": "core.activite",
  "pk": 112,
  "fields": {
    "created_at": "2025-08-06T17:16:23.344Z",
    "updated_at": "2025-08-06T17:16:23.344Z",
    "created_by": null,
    "updated_by": null,
    "utilisateur": 8,
    "type_action": "deconnexion",
    "description": "Déconnexion de l'utilisateur py",
    "date_action": "2025-08-06T17:16:23.344Z",
    "ip_address": "127.0.0.1",
    "user_agent": "Mozilla/5.0 (Windows NT 10.0; Win64; x64) AppleWebKit/537.36 (KHTML, like Gecko) Chrome/140.0.0.0 Safari/537.36",
    "url": "/accounts/logout/"
  }
},
{
  "model": "core.activite",
  "pk": 113,
  "fields": {
    "created_at": "2025-08-06T17:16:33.946Z",
    "updated_at": "2025-08-06T17:16:33.946Z",
    "created_by": null,
    "updated_by": null,
    "utilisateur": 2,
    "type_action": "modification",
    "description": "Modification du compte utilisateur djimi",
    "date_action": "2025-08-06T17:16:33.946Z",
    "ip_address": null,
    "user_agent": null,
    "url": null
  }
},
{
  "model": "core.activite",
  "pk": 114,
  "fields": {
    "created_at": "2025-08-06T17:16:33.968Z",
    "updated_at": "2025-08-06T17:16:33.968Z",
    "created_by": null,
    "updated_by": null,
    "utilisateur": 2,
    "type_action": "modification",
    "description": "Modification du compte utilisateur djimi",
    "date_action": "2025-08-06T17:16:33.968Z",
    "ip_address": null,
    "user_agent": null,
    "url": null
  }
},
{
  "model": "core.activite",
  "pk": 115,
  "fields": {
    "created_at": "2025-08-06T17:16:33.976Z",
    "updated_at": "2025-08-06T17:16:33.976Z",
    "created_by": null,
    "updated_by": null,
    "utilisateur": 2,
    "type_action": "connexion",
    "description": "Connexion de l'utilisateur djimi",
    "date_action": "2025-08-06T17:16:33.976Z",
    "ip_address": "127.0.0.1",
    "user_agent": "Mozilla/5.0 (Windows NT 10.0; Win64; x64) AppleWebKit/537.36 (KHTML, like Gecko) Chrome/140.0.0.0 Safari/537.36",
    "url": "/accounts/login/"
  }
},
{
  "model": "core.activite",
  "pk": 116,
  "fields": {
    "created_at": "2025-08-06T17:24:00.760Z",
    "updated_at": "2025-08-06T17:24:00.760Z",
    "created_by": null,
    "updated_by": null,
    "utilisateur": 2,
    "type_action": "deconnexion",
    "description": "Déconnexion de l'utilisateur djimi",
    "date_action": "2025-08-06T17:24:00.760Z",
    "ip_address": "127.0.0.1",
    "user_agent": "Mozilla/5.0 (Windows NT 10.0; Win64; x64) AppleWebKit/537.36 (KHTML, like Gecko) Chrome/140.0.0.0 Safari/537.36",
    "url": "/accounts/logout/"
  }
},
{
  "model": "core.activite",
  "pk": 117,
  "fields": {
    "created_at": "2025-08-06T17:25:04.712Z",
    "updated_at": "2025-08-06T17:25:04.712Z",
    "created_by": null,
    "updated_by": null,
    "utilisateur": null,
    "type_action": "creation",
    "description": "Création du compte utilisateur djimid",
    "date_action": "2025-08-06T17:25:04.712Z",
    "ip_address": null,
    "user_agent": null,
    "url": null
  }
},
{
  "model": "core.activite",
  "pk": 118,
  "fields": {
    "created_at": "2025-08-06T17:25:04.730Z",
    "updated_at": "2025-08-06T17:25:04.730Z",
    "created_by": null,
    "updated_by": null,
    "utilisateur": null,
    "type_action": "modification",
    "description": "Modification du compte utilisateur djimid",
    "date_action": "2025-08-06T17:25:04.730Z",
    "ip_address": null,
    "user_agent": null,
    "url": null
  }
},
{
  "model": "core.activite",
  "pk": 119,
  "fields": {
    "created_at": "2025-08-06T17:25:04.734Z",
    "updated_at": "2025-08-06T17:25:04.734Z",
    "created_by": null,
    "updated_by": null,
    "utilisateur": null,
    "type_action": "creation",
    "description": "Création du site \"konimba-djimiga-3\" par djimid",
    "date_action": "2025-08-06T17:25:04.734Z",
    "ip_address": "127.0.0.1",
    "user_agent": "Mozilla/5.0 (Windows NT 10.0; Win64; x64) AppleWebKit/537.36 (KHTML, like Gecko) Chrome/140.0.0.0 Safari/537.36",
    "url": "/signup/"
  }
},
{
  "model": "core.activite",
  "pk": 120,
  "fields": {
    "created_at": "2025-08-06T17:25:04.752Z",
    "updated_at": "2025-08-06T17:25:04.752Z",
    "created_by": null,
    "updated_by": null,
    "utilisateur": null,
    "type_action": "modification",
    "description": "Modification du compte utilisateur djimid",
    "date_action": "2025-08-06T17:25:04.752Z",
    "ip_address": null,
    "user_agent": null,
    "url": null
  }
},
{
  "model": "core.activite",
  "pk": 121,
  "fields": {
    "created_at": "2025-08-06T17:25:04.754Z",
    "updated_at": "2025-08-06T17:25:04.754Z",
    "created_by": null,
    "updated_by": null,
    "utilisateur": null,
    "type_action": "modification",
    "description": "Modification du compte utilisateur djimid",
    "date_action": "2025-08-06T17:25:04.754Z",
    "ip_address": null,
    "user_agent": null,
    "url": null
  }
},
{
  "model": "core.activite",
  "pk": 122,
  "fields": {
    "created_at": "2025-08-06T17:25:04.767Z",
    "updated_at": "2025-08-06T17:25:04.767Z",
    "created_by": null,
    "updated_by": null,
    "utilisateur": null,
    "type_action": "connexion",
    "description": "Connexion de l'utilisateur djimid",
    "date_action": "2025-08-06T17:25:04.767Z",
    "ip_address": "127.0.0.1",
    "user_agent": "Mozilla/5.0 (Windows NT 10.0; Win64; x64) AppleWebKit/537.36 (KHTML, like Gecko) Chrome/140.0.0.0 Safari/537.36",
    "url": "/signup/"
  }
},
{
  "model": "core.activite",
  "pk": 123,
  "fields": {
    "created_at": "2025-08-06T17:25:05.043Z",
    "updated_at": "2025-08-06T17:25:05.043Z",
    "created_by": null,
    "updated_by": null,
    "utilisateur": null,
    "type_action": "modification",
    "description": "Modification du compte utilisateur djimid",
    "date_action": "2025-08-06T17:25:05.043Z",
    "ip_address": null,
    "user_agent": null,
    "url": null
  }
},
{
  "model": "core.activite",
  "pk": 124,
  "fields": {
    "created_at": "2025-08-06T17:25:28.152Z",
    "updated_at": "2025-08-06T17:25:28.152Z",
    "created_by": null,
    "updated_by": null,
    "utilisateur": 2,
    "type_action": "modification",
    "description": "Modification du compte utilisateur djimi",
    "date_action": "2025-08-06T17:25:28.152Z",
    "ip_address": null,
    "user_agent": null,
    "url": null
  }
},
{
  "model": "core.activite",
  "pk": 125,
  "fields": {
    "created_at": "2025-08-06T17:25:28.167Z",
    "updated_at": "2025-08-06T17:25:28.167Z",
    "created_by": null,
    "updated_by": null,
    "utilisateur": 2,
    "type_action": "modification",
    "description": "Modification du compte utilisateur djimi",
    "date_action": "2025-08-06T17:25:28.167Z",
    "ip_address": null,
    "user_agent": null,
    "url": null
  }
},
{
  "model": "core.activite",
  "pk": 126,
  "fields": {
    "created_at": "2025-08-06T17:25:28.173Z",
    "updated_at": "2025-08-06T17:25:28.173Z",
    "created_by": null,
    "updated_by": null,
    "utilisateur": 2,
    "type_action": "connexion",
    "description": "Connexion de l'utilisateur djimi",
    "date_action": "2025-08-06T17:25:28.173Z",
    "ip_address": "127.0.0.1",
    "user_agent": "Mozilla/5.0 (Windows NT 10.0; Win64; x64) AppleWebKit/537.36 (KHTML, like Gecko) Chrome/140.0.0.0 Safari/537.36",
    "url": "/accounts/login/"
  }
},
{
  "model": "core.activite",
  "pk": 127,
  "fields": {
    "created_at": "2025-08-06T17:25:38.582Z",
    "updated_at": "2025-08-06T17:25:38.582Z",
    "created_by": null,
    "updated_by": null,
    "utilisateur": null,
    "type_action": "suppression",
    "description": "Suppression du compte utilisateur djimid",
    "date_action": "2025-08-06T17:25:38.582Z",
    "ip_address": null,
    "user_agent": null,
    "url": null
  }
},
{
  "model": "core.activite",
  "pk": 128,
  "fields": {
    "created_at": "2025-08-06T17:25:38.589Z",
    "updated_at": "2025-08-06T17:25:38.589Z",
    "created_by": null,
    "updated_by": null,
    "utilisateur": 2,
    "type_action": "suppression",
    "description": "Suppression de l'utilisateur: djimid",
    "date_action": "2025-08-06T17:25:38.589Z",
    "ip_address": "127.0.0.1",
    "user_agent": "Mozilla/5.0 (Windows NT 10.0; Win64; x64) AppleWebKit/537.36 (KHTML, like Gecko) Chrome/140.0.0.0 Safari/537.36",
    "url": "/core/users/9/delete/"
  }
},
{
  "model": "core.activite",
  "pk": 129,
  "fields": {
    "created_at": "2025-08-06T17:25:48.488Z",
    "updated_at": "2025-08-06T17:25:48.488Z",
    "created_by": null,
    "updated_by": null,
    "utilisateur": 2,
    "type_action": "deconnexion",
    "description": "Déconnexion de l'utilisateur djimi",
    "date_action": "2025-08-06T17:25:48.488Z",
    "ip_address": "127.0.0.1",
    "user_agent": "Mozilla/5.0 (Windows NT 10.0; Win64; x64) AppleWebKit/537.36 (KHTML, like Gecko) Chrome/140.0.0.0 Safari/537.36",
    "url": "/accounts/logout/"
  }
},
{
  "model": "core.activite",
  "pk": 130,
  "fields": {
    "created_at": "2025-08-06T17:26:20.680Z",
    "updated_at": "2025-08-06T17:26:20.681Z",
    "created_by": null,
    "updated_by": null,
    "utilisateur": 10,
    "type_action": "creation",
    "description": "Création du compte utilisateur djimiga",
    "date_action": "2025-08-06T17:26:20.681Z",
    "ip_address": null,
    "user_agent": null,
    "url": null
  }
},
{
  "model": "core.activite",
  "pk": 131,
  "fields": {
    "created_at": "2025-08-06T17:26:20.697Z",
    "updated_at": "2025-08-06T17:26:20.697Z",
    "created_by": null,
    "updated_by": null,
    "utilisateur": 10,
    "type_action": "modification",
    "description": "Modification du compte utilisateur djimiga",
    "date_action": "2025-08-06T17:26:20.697Z",
    "ip_address": null,
    "user_agent": null,
    "url": null
  }
},
{
  "model": "core.activite",
  "pk": 132,
  "fields": {
    "created_at": "2025-08-06T17:26:20.701Z",
    "updated_at": "2025-08-06T17:26:20.701Z",
    "created_by": null,
    "updated_by": null,
    "utilisateur": 10,
    "type_action": "creation",
    "description": "Création du site \"konimba-djimiga-3\" par djimiga",
    "date_action": "2025-08-06T17:26:20.701Z",
    "ip_address": "127.0.0.1",
    "user_agent": "Mozilla/5.0 (Windows NT 10.0; Win64; x64) AppleWebKit/537.36 (KHTML, like Gecko) Chrome/140.0.0.0 Safari/537.36",
    "url": "/signup/"
  }
},
{
  "model": "core.activite",
  "pk": 133,
  "fields": {
    "created_at": "2025-08-06T17:26:20.719Z",
    "updated_at": "2025-08-06T17:26:20.719Z",
    "created_by": null,
    "updated_by": null,
    "utilisateur": 10,
    "type_action": "modification",
    "description": "Modification du compte utilisateur djimiga",
    "date_action": "2025-08-06T17:26:20.719Z",
    "ip_address": null,
    "user_agent": null,
    "url": null
  }
},
{
  "model": "core.activite",
  "pk": 134,
  "fields": {
    "created_at": "2025-08-06T17:26:20.728Z",
    "updated_at": "2025-08-06T17:26:20.728Z",
    "created_by": null,
    "updated_by": null,
    "utilisateur": 10,
    "type_action": "modification",
    "description": "Modification du compte utilisateur djimiga",
    "date_action": "2025-08-06T17:26:20.728Z",
    "ip_address": null,
    "user_agent": null,
    "url": null
  }
},
{
  "model": "core.activite",
  "pk": 135,
  "fields": {
    "created_at": "2025-08-06T17:26:20.733Z",
    "updated_at": "2025-08-06T17:26:20.733Z",
    "created_by": null,
    "updated_by": null,
    "utilisateur": 10,
    "type_action": "connexion",
    "description": "Connexion de l'utilisateur djimiga",
    "date_action": "2025-08-06T17:26:20.733Z",
    "ip_address": "127.0.0.1",
    "user_agent": "Mozilla/5.0 (Windows NT 10.0; Win64; x64) AppleWebKit/537.36 (KHTML, like Gecko) Chrome/140.0.0.0 Safari/537.36",
    "url": "/signup/"
  }
},
{
  "model": "core.activite",
  "pk": 136,
  "fields": {
    "created_at": "2025-08-06T17:26:21.016Z",
    "updated_at": "2025-08-06T17:26:21.016Z",
    "created_by": null,
    "updated_by": null,
    "utilisateur": 10,
    "type_action": "modification",
    "description": "Modification du compte utilisateur djimiga",
    "date_action": "2025-08-06T17:26:21.016Z",
    "ip_address": null,
    "user_agent": null,
    "url": null
  }
},
{
  "model": "core.activite",
  "pk": 137,
  "fields": {
    "created_at": "2025-08-06T17:40:58.415Z",
    "updated_at": "2025-08-06T17:40:58.415Z",
    "created_by": null,
    "updated_by": null,
    "utilisateur": 11,
    "type_action": "creation",
    "description": "Création du compte utilisateur djimigas",
    "date_action": "2025-08-06T17:40:58.415Z",
    "ip_address": null,
    "user_agent": null,
    "url": null
  }
},
{
  "model": "core.activite",
  "pk": 138,
  "fields": {
    "created_at": "2025-08-06T17:40:58.438Z",
    "updated_at": "2025-08-06T17:40:58.438Z",
    "created_by": null,
    "updated_by": null,
    "utilisateur": 11,
    "type_action": "modification",
    "description": "Modification du compte utilisateur djimigas",
    "date_action": "2025-08-06T17:40:58.438Z",
    "ip_address": null,
    "user_agent": null,
    "url": null
  }
},
{
  "model": "core.activite",
  "pk": 139,
  "fields": {
    "created_at": "2025-08-06T17:40:58.446Z",
    "updated_at": "2025-08-06T17:40:58.446Z",
    "created_by": null,
    "updated_by": null,
    "utilisateur": 11,
    "type_action": "creation",
    "description": "Création du site \"konimba-djimiga-4\" par djimigas",
    "date_action": "2025-08-06T17:40:58.446Z",
    "ip_address": "127.0.0.1",
    "user_agent": "Mozilla/5.0 (Windows NT 10.0; Win64; x64) AppleWebKit/537.36 (KHTML, like Gecko) Chrome/140.0.0.0 Safari/537.36",
    "url": "/signup/"
  }
},
{
  "model": "core.activite",
  "pk": 140,
  "fields": {
    "created_at": "2025-08-06T17:40:58.466Z",
    "updated_at": "2025-08-06T17:40:58.466Z",
    "created_by": null,
    "updated_by": null,
    "utilisateur": 11,
    "type_action": "modification",
    "description": "Modification du compte utilisateur djimigas",
    "date_action": "2025-08-06T17:40:58.466Z",
    "ip_address": null,
    "user_agent": null,
    "url": null
  }
},
{
  "model": "core.activite",
  "pk": 141,
  "fields": {
    "created_at": "2025-08-06T17:40:58.476Z",
    "updated_at": "2025-08-06T17:40:58.476Z",
    "created_by": null,
    "updated_by": null,
    "utilisateur": 11,
    "type_action": "modification",
    "description": "Modification du compte utilisateur djimigas",
    "date_action": "2025-08-06T17:40:58.476Z",
    "ip_address": null,
    "user_agent": null,
    "url": null
  }
},
{
  "model": "core.activite",
  "pk": 142,
  "fields": {
    "created_at": "2025-08-06T17:40:58.480Z",
    "updated_at": "2025-08-06T17:40:58.482Z",
    "created_by": null,
    "updated_by": null,
    "utilisateur": 11,
    "type_action": "connexion",
    "description": "Connexion de l'utilisateur djimigas",
    "date_action": "2025-08-06T17:40:58.482Z",
    "ip_address": "127.0.0.1",
    "user_agent": "Mozilla/5.0 (Windows NT 10.0; Win64; x64) AppleWebKit/537.36 (KHTML, like Gecko) Chrome/140.0.0.0 Safari/537.36",
    "url": "/signup/"
  }
},
{
  "model": "core.activite",
  "pk": 143,
  "fields": {
    "created_at": "2025-08-06T17:40:58.836Z",
    "updated_at": "2025-08-06T17:40:58.836Z",
    "created_by": null,
    "updated_by": null,
    "utilisateur": 11,
    "type_action": "modification",
    "description": "Modification du compte utilisateur djimigas",
    "date_action": "2025-08-06T17:40:58.836Z",
    "ip_address": null,
    "user_agent": null,
    "url": null
  }
},
{
  "model": "core.activite",
  "pk": 144,
  "fields": {
    "created_at": "2025-08-07T04:48:26.690Z",
    "updated_at": "2025-08-07T04:48:26.690Z",
    "created_by": null,
    "updated_by": null,
    "utilisateur": 12,
    "type_action": "creation",
    "description": "Création du compte utilisateur newuser123",
    "date_action": "2025-08-07T04:48:26.690Z",
    "ip_address": null,
    "user_agent": null,
    "url": null
  }
},
{
  "model": "core.activite",
  "pk": 145,
  "fields": {
    "created_at": "2025-08-07T04:48:26.744Z",
    "updated_at": "2025-08-07T04:48:26.744Z",
    "created_by": null,
    "updated_by": null,
    "utilisateur": 12,
    "type_action": "modification",
    "description": "Modification du compte utilisateur newuser123",
    "date_action": "2025-08-07T04:48:26.744Z",
    "ip_address": null,
    "user_agent": null,
    "url": null
  }
},
{
  "model": "core.activite",
  "pk": 146,
  "fields": {
    "created_at": "2025-08-07T04:53:25.403Z",
    "updated_at": "2025-08-07T04:53:25.403Z",
    "created_by": null,
    "updated_by": null,
    "utilisateur": 13,
    "type_action": "creation",
    "description": "Création du compte utilisateur PyMentor",
    "date_action": "2025-08-07T04:53:25.403Z",
    "ip_address": null,
    "user_agent": null,
    "url": null
  }
},
{
  "model": "core.activite",
  "pk": 147,
  "fields": {
    "created_at": "2025-08-07T04:53:25.419Z",
    "updated_at": "2025-08-07T04:53:25.419Z",
    "created_by": null,
    "updated_by": null,
    "utilisateur": 13,
    "type_action": "modification",
    "description": "Modification du compte utilisateur PyMentor",
    "date_action": "2025-08-07T04:53:25.419Z",
    "ip_address": null,
    "user_agent": null,
    "url": null
  }
},
{
  "model": "core.activite",
  "pk": 148,
  "fields": {
    "created_at": "2025-08-07T05:12:34.762Z",
    "updated_at": "2025-08-07T05:12:34.762Z",
    "created_by": null,
    "updated_by": null,
    "utilisateur": 14,
    "type_action": "creation",
    "description": "Création du compte utilisateur kokok",
    "date_action": "2025-08-07T05:12:34.762Z",
    "ip_address": null,
    "user_agent": null,
    "url": null
  }
},
{
  "model": "core.activite",
  "pk": 149,
  "fields": {
    "created_at": "2025-08-07T05:12:34.828Z",
    "updated_at": "2025-08-07T05:12:34.828Z",
    "created_by": null,
    "updated_by": null,
    "utilisateur": 14,
    "type_action": "modification",
    "description": "Modification du compte utilisateur kokok",
    "date_action": "2025-08-07T05:12:34.828Z",
    "ip_address": null,
    "user_agent": null,
    "url": null
  }
},
{
  "model": "core.activite",
  "pk": 150,
  "fields": {
    "created_at": "2025-08-07T05:12:34.856Z",
    "updated_at": "2025-08-07T05:12:34.856Z",
    "created_by": null,
    "updated_by": null,
    "utilisateur": 14,
    "type_action": "creation",
    "description": "Création du site \"konimba-djimiga-5\" par kokok",
    "date_action": "2025-08-07T05:12:34.856Z",
    "ip_address": "127.0.0.1",
    "user_agent": "Mozilla/5.0 (Windows NT 10.0; Win64; x64) AppleWebKit/537.36 (KHTML, like Gecko) Chrome/140.0.0.0 Safari/537.36",
    "url": "/signup/"
  }
},
{
  "model": "core.activite",
  "pk": 151,
  "fields": {
    "created_at": "2025-08-07T05:12:34.909Z",
    "updated_at": "2025-08-07T05:12:34.909Z",
    "created_by": null,
    "updated_by": null,
    "utilisateur": 14,
    "type_action": "modification",
    "description": "Modification du compte utilisateur kokok",
    "date_action": "2025-08-07T05:12:34.909Z",
    "ip_address": null,
    "user_agent": null,
    "url": null
  }
},
{
  "model": "core.activite",
  "pk": 152,
  "fields": {
    "created_at": "2025-08-07T05:12:34.956Z",
    "updated_at": "2025-08-07T05:12:34.956Z",
    "created_by": null,
    "updated_by": null,
    "utilisateur": 14,
    "type_action": "modification",
    "description": "Modification du compte utilisateur kokok",
    "date_action": "2025-08-07T05:12:34.956Z",
    "ip_address": null,
    "user_agent": null,
    "url": null
  }
},
{
  "model": "core.activite",
  "pk": 153,
  "fields": {
    "created_at": "2025-08-07T05:12:34.968Z",
    "updated_at": "2025-08-07T05:12:34.968Z",
    "created_by": null,
    "updated_by": null,
    "utilisateur": 14,
    "type_action": "connexion",
    "description": "Connexion de l'utilisateur kokok",
    "date_action": "2025-08-07T05:12:34.968Z",
    "ip_address": "127.0.0.1",
    "user_agent": "Mozilla/5.0 (Windows NT 10.0; Win64; x64) AppleWebKit/537.36 (KHTML, like Gecko) Chrome/140.0.0.0 Safari/537.36",
    "url": "/signup/"
  }
},
{
  "model": "core.activite",
  "pk": 154,
  "fields": {
    "created_at": "2025-08-07T05:12:35.907Z",
    "updated_at": "2025-08-07T05:12:35.907Z",
    "created_by": null,
    "updated_by": null,
    "utilisateur": 14,
    "type_action": "modification",
    "description": "Modification du compte utilisateur kokok",
    "date_action": "2025-08-07T05:12:35.907Z",
    "ip_address": null,
    "user_agent": null,
    "url": null
  }
},
{
  "model": "core.activite",
  "pk": 155,
  "fields": {
    "created_at": "2025-08-07T05:32:18.034Z",
    "updated_at": "2025-08-07T05:32:18.034Z",
    "created_by": null,
    "updated_by": null,
    "utilisateur": null,
    "type_action": "creation",
    "description": "Création du compte utilisateur testuser",
    "date_action": "2025-08-07T05:32:18.034Z",
    "ip_address": null,
    "user_agent": null,
    "url": null
  }
},
{
  "model": "core.activite",
  "pk": 156,
  "fields": {
    "created_at": "2025-08-07T05:32:18.060Z",
    "updated_at": "2025-08-07T05:32:18.060Z",
    "created_by": null,
    "updated_by": null,
    "utilisateur": null,
    "type_action": "modification",
    "description": "Modification du compte utilisateur testuser",
    "date_action": "2025-08-07T05:32:18.062Z",
    "ip_address": null,
    "user_agent": null,
    "url": null
  }
},
{
  "model": "core.activite",
  "pk": 157,
  "fields": {
    "created_at": "2025-08-07T05:32:18.801Z",
    "updated_at": "2025-08-07T05:32:18.801Z",
    "created_by": null,
    "updated_by": null,
    "utilisateur": 16,
    "type_action": "creation",
    "description": "Création du compte utilisateur simulation_user",
    "date_action": "2025-08-07T05:32:18.803Z",
    "ip_address": null,
    "user_agent": null,
    "url": null
  }
},
{
  "model": "core.activite",
  "pk": 158,
  "fields": {
    "created_at": "2025-08-07T05:32:18.859Z",
    "updated_at": "2025-08-07T05:32:18.859Z",
    "created_by": null,
    "updated_by": null,
    "utilisateur": 16,
    "type_action": "modification",
    "description": "Modification du compte utilisateur simulation_user",
    "date_action": "2025-08-07T05:32:18.859Z",
    "ip_address": null,
    "user_agent": null,
    "url": null
  }
},
{
  "model": "core.activite",
  "pk": 159,
  "fields": {
    "created_at": "2025-08-07T05:32:18.894Z",
    "updated_at": "2025-08-07T05:32:18.894Z",
    "created_by": null,
    "updated_by": null,
    "utilisateur": 16,
    "type_action": "modification",
    "description": "Modification du compte utilisateur simulation_user",
    "date_action": "2025-08-07T05:32:18.894Z",
    "ip_address": null,
    "user_agent": null,
    "url": null
  }
},
{
  "model": "core.activite",
  "pk": 160,
  "fields": {
    "created_at": "2025-08-07T05:32:18.906Z",
    "updated_at": "2025-08-07T05:32:18.906Z",
    "created_by": null,
    "updated_by": null,
    "utilisateur": 16,
    "type_action": "modification",
    "description": "Modification du compte utilisateur simulation_user",
    "date_action": "2025-08-07T05:32:18.906Z",
    "ip_address": null,
    "user_agent": null,
    "url": null
  }
},
{
  "model": "core.activite",
  "pk": 161,
  "fields": {
    "created_at": "2025-08-07T05:32:18.914Z",
    "updated_at": "2025-08-07T05:32:18.914Z",
    "created_by": null,
    "updated_by": null,
    "utilisateur": 16,
    "type_action": "connexion",
    "description": "Connexion de l'utilisateur simulation_user",
    "date_action": "2025-08-07T05:32:18.914Z",
    "ip_address": "127.0.0.1",
    "user_agent": "",
    "url": "/signup/"
  }
},
{
  "model": "core.activite",
  "pk": 162,
  "fields": {
    "created_at": "2025-08-07T05:33:05.713Z",
    "updated_at": "2025-08-07T05:33:05.713Z",
    "created_by": null,
    "updated_by": null,
    "utilisateur": 16,
    "type_action": "modification",
    "description": "Modification du compte utilisateur simulation_user",
    "date_action": "2025-08-07T05:33:05.713Z",
    "ip_address": null,
    "user_agent": null,
    "url": null
  }
},
{
  "model": "core.activite",
  "pk": 163,
  "fields": {
    "created_at": "2025-08-07T05:33:05.735Z",
    "updated_at": "2025-08-07T05:33:05.735Z",
    "created_by": null,
    "updated_by": null,
    "utilisateur": 16,
    "type_action": "modification",
    "description": "Modification du compte utilisateur simulation_user",
    "date_action": "2025-08-07T05:33:05.735Z",
    "ip_address": null,
    "user_agent": null,
    "url": null
  }
},
{
  "model": "core.activite",
  "pk": 164,
  "fields": {
    "created_at": "2025-08-07T05:33:05.761Z",
    "updated_at": "2025-08-07T05:33:05.761Z",
    "created_by": null,
    "updated_by": null,
    "utilisateur": 16,
    "type_action": "connexion",
    "description": "Connexion de l'utilisateur simulation_user",
    "date_action": "2025-08-07T05:33:05.761Z",
    "ip_address": "127.0.0.1",
    "user_agent": "",
    "url": "/signup/"
  }
},
{
  "model": "core.activite",
  "pk": 165,
  "fields": {
    "created_at": "2025-08-07T05:33:31.215Z",
    "updated_at": "2025-08-07T05:33:31.215Z",
    "created_by": null,
    "updated_by": null,
    "utilisateur": 7,
    "type_action": "modification",
    "description": "Modification du compte utilisateur jhon",
    "date_action": "2025-08-07T05:33:31.215Z",
    "ip_address": null,
    "user_agent": null,
    "url": null
  }
},
{
  "model": "core.activite",
  "pk": 166,
  "fields": {
    "created_at": "2025-08-07T05:33:31.251Z",
    "updated_at": "2025-08-07T05:33:31.251Z",
    "created_by": null,
    "updated_by": null,
    "utilisateur": 7,
    "type_action": "modification",
    "description": "Modification du compte utilisateur jhon",
    "date_action": "2025-08-07T05:33:31.251Z",
    "ip_address": null,
    "user_agent": null,
    "url": null
  }
},
{
  "model": "core.activite",
  "pk": 167,
  "fields": {
    "created_at": "2025-08-07T05:33:31.267Z",
    "updated_at": "2025-08-07T05:33:31.267Z",
    "created_by": null,
    "updated_by": null,
    "utilisateur": 7,
    "type_action": "connexion",
    "description": "Connexion de l'utilisateur jhon",
    "date_action": "2025-08-07T05:33:31.267Z",
    "ip_address": "127.0.0.1",
    "user_agent": "Mozilla/5.0 (Windows NT 10.0; Win64; x64) AppleWebKit/537.36 (KHTML, like Gecko) Chrome/140.0.0.0 Safari/537.36",
    "url": "/accounts/login/"
  }
},
{
  "model": "core.activite",
  "pk": 168,
  "fields": {
    "created_at": "2025-08-08T05:50:27.772Z",
    "updated_at": "2025-08-08T05:50:27.772Z",
    "created_by": null,
    "updated_by": null,
    "utilisateur": 3,
    "type_action": "modification",
    "description": "Modification du compte utilisateur mobile",
    "date_action": "2025-08-08T05:50:27.772Z",
    "ip_address": null,
    "user_agent": null,
    "url": null
  }
},
{
  "model": "core.activite",
  "pk": 169,
  "fields": {
    "created_at": "2025-08-08T05:51:43.304Z",
    "updated_at": "2025-08-08T05:51:43.304Z",
    "created_by": null,
    "updated_by": null,
    "utilisateur": 2,
    "type_action": "modification",
    "description": "Modification du compte utilisateur djimi",
    "date_action": "2025-08-08T05:51:43.304Z",
    "ip_address": null,
    "user_agent": null,
    "url": null
  }
},
{
  "model": "core.activite",
  "pk": 170,
  "fields": {
    "created_at": "2025-08-08T05:51:54.270Z",
    "updated_at": "2025-08-08T05:51:54.270Z",
    "created_by": null,
    "updated_by": null,
    "utilisateur": 4,
    "type_action": "modification",
    "description": "Modification du compte utilisateur bolibanasugu@gmail.com",
    "date_action": "2025-08-08T05:51:54.270Z",
    "ip_address": null,
    "user_agent": null,
    "url": null
  }
},
{
  "model": "core.activite",
  "pk": 171,
  "fields": {
    "created_at": "2025-08-09T05:41:42.731Z",
    "updated_at": "2025-08-09T05:41:42.731Z",
    "created_by": null,
    "updated_by": null,
    "utilisateur": 7,
    "type_action": "deconnexion",
    "description": "Déconnexion de l'utilisateur jhon",
    "date_action": "2025-08-09T05:41:42.731Z",
    "ip_address": "127.0.0.1",
    "user_agent": "Mozilla/5.0 (Windows NT 10.0; Win64; x64) AppleWebKit/537.36 (KHTML, like Gecko) Chrome/140.0.0.0 Safari/537.36",
    "url": "/admin/logout/"
  }
},
{
  "model": "core.activite",
  "pk": 172,
  "fields": {
    "created_at": "2025-08-09T05:46:20.476Z",
    "updated_at": "2025-08-09T05:46:20.476Z",
    "created_by": null,
    "updated_by": null,
    "utilisateur": 2,
    "type_action": "modification",
    "description": "Modification du compte utilisateur djimi",
    "date_action": "2025-08-09T05:46:20.476Z",
    "ip_address": null,
    "user_agent": null,
    "url": null
  }
},
{
  "model": "core.activite",
  "pk": 173,
  "fields": {
    "created_at": "2025-08-09T05:46:20.499Z",
    "updated_at": "2025-08-09T05:46:20.499Z",
    "created_by": null,
    "updated_by": null,
    "utilisateur": 2,
    "type_action": "modification",
    "description": "Modification du compte utilisateur djimi",
    "date_action": "2025-08-09T05:46:20.499Z",
    "ip_address": null,
    "user_agent": null,
    "url": null
  }
},
{
  "model": "core.activite",
  "pk": 174,
  "fields": {
    "created_at": "2025-08-09T05:46:20.508Z",
    "updated_at": "2025-08-09T05:46:20.508Z",
    "created_by": null,
    "updated_by": null,
    "utilisateur": 2,
    "type_action": "connexion",
    "description": "Connexion de l'utilisateur djimi",
    "date_action": "2025-08-09T05:46:20.508Z",
    "ip_address": "127.0.0.1",
    "user_agent": "Mozilla/5.0 (Windows NT 10.0; Win64; x64) AppleWebKit/537.36 (KHTML, like Gecko) Chrome/140.0.0.0 Safari/537.36",
    "url": "/admin/login/"
  }
},
{
  "model": "core.activite",
  "pk": 175,
  "fields": {
    "created_at": "2025-08-10T23:07:06.138Z",
    "updated_at": "2025-08-10T23:07:06.138Z",
    "created_by": null,
    "updated_by": null,
    "utilisateur": 17,
    "type_action": "creation",
    "description": "Création du compte utilisateur test_mobile",
    "date_action": "2025-08-10T23:07:06.138Z",
    "ip_address": null,
    "user_agent": null,
    "url": null
  }
},
{
  "model": "core.activite",
  "pk": 176,
  "fields": {
    "created_at": "2025-08-10T23:07:07.516Z",
    "updated_at": "2025-08-10T23:07:07.516Z",
    "created_by": null,
    "updated_by": null,
    "utilisateur": 17,
    "type_action": "modification",
    "description": "Modification du compte utilisateur test_mobile",
    "date_action": "2025-08-10T23:07:07.516Z",
    "ip_address": null,
    "user_agent": null,
    "url": null
  }
},
{
  "model": "core.activite",
  "pk": 177,
  "fields": {
    "created_at": "2025-08-11T04:21:37.142Z",
    "updated_at": "2025-08-11T04:21:37.142Z",
    "created_by": null,
    "updated_by": null,
    "utilisateur": 18,
    "type_action": "creation",
    "description": "Création du compte utilisateur testadmin",
    "date_action": "2025-08-11T04:21:37.142Z",
    "ip_address": null,
    "user_agent": null,
    "url": null
  }
},
{
  "model": "core.activite",
  "pk": 178,
  "fields": {
    "created_at": "2025-08-11T04:21:50.397Z",
    "updated_at": "2025-08-11T04:21:50.397Z",
    "created_by": null,
    "updated_by": null,
    "utilisateur": 18,
    "type_action": "modification",
    "description": "Modification du compte utilisateur testadmin",
    "date_action": "2025-08-11T04:21:50.397Z",
    "ip_address": null,
    "user_agent": null,
    "url": null
  }
},
{
  "model": "core.activite",
  "pk": 179,
  "fields": {
    "created_at": "2025-08-11T05:00:22.738Z",
    "updated_at": "2025-08-11T05:00:22.738Z",
    "created_by": null,
    "updated_by": null,
    "utilisateur": null,
    "type_action": "suppression",
    "description": "Suppression du compte utilisateur testuser",
    "date_action": "2025-08-11T05:00:22.738Z",
    "ip_address": null,
    "user_agent": null,
    "url": null
  }
},
{
  "model": "core.activite",
  "pk": 180,
  "fields": {
    "created_at": "2025-08-11T05:00:54.820Z",
    "updated_at": "2025-08-11T05:00:54.820Z",
    "created_by": null,
    "updated_by": null,
    "utilisateur": null,
    "type_action": "creation",
    "description": "Création du compte utilisateur testuser",
    "date_action": "2025-08-11T05:00:54.820Z",
    "ip_address": null,
    "user_agent": null,
    "url": null
  }
},
{
  "model": "core.activite",
  "pk": 181,
  "fields": {
    "created_at": "2025-08-11T05:24:06.683Z",
    "updated_at": "2025-08-11T05:24:06.683Z",
    "created_by": null,
    "updated_by": null,
    "utilisateur": null,
    "type_action": "suppression",
    "description": "Suppression du compte utilisateur testuser",
    "date_action": "2025-08-11T05:24:06.683Z",
    "ip_address": null,
    "user_agent": null,
    "url": null
  }
},
{
  "model": "core.activite",
  "pk": 182,
  "fields": {
    "created_at": "2025-08-11T14:59:54.565Z",
    "updated_at": "2025-08-11T14:59:54.565Z",
    "created_by": null,
    "updated_by": null,
    "utilisateur": null,
    "type_action": "creation",
    "description": "Création du compte utilisateur testuser",
    "date_action": "2025-08-11T14:59:54.565Z",
    "ip_address": null,
    "user_agent": null,
    "url": null
  }
},
{
  "model": "core.activite",
  "pk": 183,
  "fields": {
    "created_at": "2025-08-11T14:59:54.814Z",
    "updated_at": "2025-08-11T14:59:54.814Z",
    "created_by": null,
    "updated_by": null,
    "utilisateur": null,
    "type_action": "modification",
    "description": "Modification du compte utilisateur testuser",
    "date_action": "2025-08-11T14:59:54.814Z",
    "ip_address": null,
    "user_agent": null,
    "url": null
  }
},
{
  "model": "core.activite",
  "pk": 184,
  "fields": {
    "created_at": "2025-08-11T14:59:54.878Z",
    "updated_at": "2025-08-11T14:59:54.878Z",
    "created_by": null,
    "updated_by": null,
    "utilisateur": null,
    "type_action": "modification",
    "description": "Modification du compte utilisateur testuser",
    "date_action": "2025-08-11T14:59:54.878Z",
    "ip_address": null,
    "user_agent": null,
    "url": null
  }
},
{
  "model": "core.activite",
  "pk": 185,
  "fields": {
    "created_at": "2025-08-11T14:59:54.919Z",
    "updated_at": "2025-08-11T14:59:54.919Z",
    "created_by": null,
    "updated_by": null,
    "utilisateur": null,
    "type_action": "modification",
    "description": "Modification du compte utilisateur testuser",
    "date_action": "2025-08-11T14:59:54.919Z",
    "ip_address": null,
    "user_agent": null,
    "url": null
  }
},
{
  "model": "core.activite",
  "pk": 186,
  "fields": {
    "created_at": "2025-08-11T14:59:54.922Z",
    "updated_at": "2025-08-11T14:59:54.922Z",
    "created_by": null,
    "updated_by": null,
    "utilisateur": null,
    "type_action": "modification",
    "description": "Modification du compte utilisateur testuser",
    "date_action": "2025-08-11T14:59:54.922Z",
    "ip_address": null,
    "user_agent": null,
    "url": null
  }
},
{
  "model": "core.activite",
  "pk": 187,
  "fields": {
    "created_at": "2025-08-11T14:59:54.933Z",
    "updated_at": "2025-08-11T14:59:54.933Z",
    "created_by": null,
    "updated_by": null,
    "utilisateur": null,
    "type_action": "connexion",
    "description": "Connexion de l'utilisateur testuser",
    "date_action": "2025-08-11T14:59:54.933Z",
    "ip_address": null,
    "user_agent": "",
    "url": ""
  }
},
{
  "model": "core.activite",
  "pk": 188,
  "fields": {
    "created_at": "2025-08-11T14:59:57.057Z",
    "updated_at": "2025-08-11T14:59:57.057Z",
    "created_by": null,
    "updated_by": null,
    "utilisateur": null,
    "type_action": "suppression",
    "description": "Suppression du compte utilisateur testuser",
    "date_action": "2025-08-11T14:59:57.057Z",
    "ip_address": null,
    "user_agent": null,
    "url": null
  }
},
{
  "model": "core.activite",
  "pk": 189,
  "fields": {
    "created_at": "2025-08-11T22:03:41.253Z",
    "updated_at": "2025-08-11T22:03:41.253Z",
    "created_by": null,
    "updated_by": null,
    "utilisateur": null,
    "type_action": "creation",
    "description": "Création du compte utilisateur temp_admin",
    "date_action": "2025-08-11T22:03:41.253Z",
    "ip_address": null,
    "user_agent": null,
    "url": null
  }
},
{
  "model": "core.activite",
  "pk": 190,
  "fields": {
    "created_at": "2025-08-11T22:03:42.168Z",
    "updated_at": "2025-08-11T22:03:42.168Z",
    "created_by": null,
    "updated_by": null,
    "utilisateur": null,
    "type_action": "modification",
    "description": "Modification du compte utilisateur temp_admin",
    "date_action": "2025-08-11T22:03:42.168Z",
    "ip_address": null,
    "user_agent": null,
    "url": null
  }
},
{
  "model": "core.activite",
  "pk": 191,
  "fields": {
    "created_at": "2025-08-11T22:03:42.380Z",
    "updated_at": "2025-08-11T22:03:42.380Z",
    "created_by": null,
    "updated_by": null,
    "utilisateur": null,
    "type_action": "creation",
    "description": "Création du compte utilisateur temp_admin_queries",
    "date_action": "2025-08-11T22:03:42.380Z",
    "ip_address": null,
    "user_agent": null,
    "url": null
  }
},
{
  "model": "core.activite",
  "pk": 192,
  "fields": {
    "created_at": "2025-08-11T22:03:43.134Z",
    "updated_at": "2025-08-11T22:03:43.134Z",
    "created_by": null,
    "updated_by": null,
    "utilisateur": null,
    "type_action": "modification",
    "description": "Modification du compte utilisateur temp_admin_queries",
    "date_action": "2025-08-11T22:03:43.134Z",
    "ip_address": null,
    "user_agent": null,
    "url": null
  }
},
{
  "model": "core.activite",
  "pk": 193,
  "fields": {
    "created_at": "2025-08-11T22:04:06.038Z",
    "updated_at": "2025-08-11T22:04:06.038Z",
    "created_by": null,
    "updated_by": null,
    "utilisateur": null,
    "type_action": "creation",
    "description": "Création du compte utilisateur testuser",
    "date_action": "2025-08-11T22:04:06.038Z",
    "ip_address": null,
    "user_agent": null,
    "url": null
  }
},
{
  "model": "core.activite",
  "pk": 194,
  "fields": {
    "created_at": "2025-08-11T22:04:06.640Z",
    "updated_at": "2025-08-11T22:04:06.640Z",
    "created_by": null,
    "updated_by": null,
    "utilisateur": null,
    "type_action": "modification",
    "description": "Modification du compte utilisateur testuser",
    "date_action": "2025-08-11T22:04:06.640Z",
    "ip_address": null,
    "user_agent": null,
    "url": null
  }
},
{
  "model": "core.activite",
  "pk": 195,
  "fields": {
    "created_at": "2025-08-11T22:05:35.648Z",
    "updated_at": "2025-08-11T22:05:35.648Z",
    "created_by": null,
    "updated_by": null,
    "utilisateur": null,
    "type_action": "suppression",
    "description": "Suppression du compte utilisateur testuser",
    "date_action": "2025-08-11T22:05:35.648Z",
    "ip_address": null,
    "user_agent": null,
    "url": null
  }
},
{
  "model": "core.activite",
  "pk": 196,
  "fields": {
    "created_at": "2025-08-11T22:05:35.784Z",
    "updated_at": "2025-08-11T22:05:35.784Z",
    "created_by": null,
    "updated_by": null,
    "utilisateur": null,
    "type_action": "suppression",
    "description": "Suppression du compte utilisateur temp_admin",
    "date_action": "2025-08-11T22:05:35.784Z",
    "ip_address": null,
    "user_agent": null,
    "url": null
  }
},
{
  "model": "core.activite",
  "pk": 197,
  "fields": {
    "created_at": "2025-08-11T22:06:00.957Z",
    "updated_at": "2025-08-11T22:06:00.957Z",
    "created_by": null,
    "updated_by": null,
    "utilisateur": null,
    "type_action": "creation",
    "description": "Création du compte utilisateur temp_admin",
    "date_action": "2025-08-11T22:06:00.957Z",
    "ip_address": null,
    "user_agent": null,
    "url": null
  }
},
{
  "model": "core.activite",
  "pk": 198,
  "fields": {
    "created_at": "2025-08-11T22:06:01.296Z",
    "updated_at": "2025-08-11T22:06:01.296Z",
    "created_by": null,
    "updated_by": null,
    "utilisateur": null,
    "type_action": "modification",
    "description": "Modification du compte utilisateur temp_admin",
    "date_action": "2025-08-11T22:06:01.296Z",
    "ip_address": null,
    "user_agent": null,
    "url": null
  }
},
{
  "model": "core.activite",
  "pk": 199,
  "fields": {
    "created_at": "2025-08-11T22:06:01.344Z",
    "updated_at": "2025-08-11T22:06:01.344Z",
    "created_by": null,
    "updated_by": null,
    "utilisateur": null,
    "type_action": "creation",
    "description": "Création du compte utilisateur testuser",
    "date_action": "2025-08-11T22:06:01.344Z",
    "ip_address": null,
    "user_agent": null,
    "url": null
  }
},
{
  "model": "core.activite",
  "pk": 200,
  "fields": {
    "created_at": "2025-08-11T22:06:01.762Z",
    "updated_at": "2025-08-11T22:06:01.762Z",
    "created_by": null,
    "updated_by": null,
    "utilisateur": null,
    "type_action": "modification",
    "description": "Modification du compte utilisateur testuser",
    "date_action": "2025-08-11T22:06:01.762Z",
    "ip_address": null,
    "user_agent": null,
    "url": null
  }
},
{
  "model": "core.activite",
  "pk": 201,
  "fields": {
    "created_at": "2025-08-11T22:06:01.950Z",
    "updated_at": "2025-08-11T22:06:01.950Z",
    "created_by": null,
    "updated_by": null,
    "utilisateur": null,
    "type_action": "suppression",
    "description": "Suppression du compte utilisateur testuser",
    "date_action": "2025-08-11T22:06:01.950Z",
    "ip_address": null,
    "user_agent": null,
    "url": null
  }
},
{
  "model": "core.activite",
  "pk": 202,
  "fields": {
    "created_at": "2025-08-11T22:06:02.007Z",
    "updated_at": "2025-08-11T22:06:02.007Z",
    "created_by": null,
    "updated_by": null,
    "utilisateur": null,
    "type_action": "suppression",
    "description": "Suppression du compte utilisateur temp_admin",
    "date_action": "2025-08-11T22:06:02.009Z",
    "ip_address": null,
    "user_agent": null,
    "url": null
  }
},
{
  "model": "core.activite",
  "pk": 203,
  "fields": {
    "created_at": "2025-08-11T22:06:28.251Z",
    "updated_at": "2025-08-11T22:06:28.251Z",
    "created_by": null,
    "updated_by": null,
    "utilisateur": null,
    "type_action": "creation",
    "description": "Création du compte utilisateur temp_admin",
    "date_action": "2025-08-11T22:06:28.251Z",
    "ip_address": null,
    "user_agent": null,
    "url": null
  }
},
{
  "model": "core.activite",
  "pk": 204,
  "fields": {
    "created_at": "2025-08-11T22:06:28.801Z",
    "updated_at": "2025-08-11T22:06:28.801Z",
    "created_by": null,
    "updated_by": null,
    "utilisateur": null,
    "type_action": "modification",
    "description": "Modification du compte utilisateur temp_admin",
    "date_action": "2025-08-11T22:06:28.801Z",
    "ip_address": null,
    "user_agent": null,
    "url": null
  }
},
{
  "model": "core.activite",
  "pk": 205,
  "fields": {
    "created_at": "2025-08-11T22:06:28.851Z",
    "updated_at": "2025-08-11T22:06:28.851Z",
    "created_by": null,
    "updated_by": null,
    "utilisateur": null,
    "type_action": "creation",
    "description": "Création du compte utilisateur testuser",
    "date_action": "2025-08-11T22:06:28.851Z",
    "ip_address": null,
    "user_agent": null,
    "url": null
  }
},
{
  "model": "core.activite",
  "pk": 206,
  "fields": {
    "created_at": "2025-08-11T22:06:29.245Z",
    "updated_at": "2025-08-11T22:06:29.245Z",
    "created_by": null,
    "updated_by": null,
    "utilisateur": null,
    "type_action": "modification",
    "description": "Modification du compte utilisateur testuser",
    "date_action": "2025-08-11T22:06:29.245Z",
    "ip_address": null,
    "user_agent": null,
    "url": null
  }
},
{
  "model": "core.activite",
  "pk": 207,
  "fields": {
    "created_at": "2025-08-11T22:06:29.503Z",
    "updated_at": "2025-08-11T22:06:29.503Z",
    "created_by": null,
    "updated_by": null,
    "utilisateur": null,
    "type_action": "suppression",
    "description": "Suppression du compte utilisateur testuser",
    "date_action": "2025-08-11T22:06:29.503Z",
    "ip_address": null,
    "user_agent": null,
    "url": null
  }
},
{
  "model": "core.activite",
  "pk": 208,
  "fields": {
    "created_at": "2025-08-11T22:06:29.562Z",
    "updated_at": "2025-08-11T22:06:29.562Z",
    "created_by": null,
    "updated_by": null,
    "utilisateur": null,
    "type_action": "suppression",
    "description": "Suppression du compte utilisateur temp_admin",
    "date_action": "2025-08-11T22:06:29.562Z",
    "ip_address": null,
    "user_agent": null,
    "url": null
  }
},
{
  "model": "core.activite",
  "pk": 209,
  "fields": {
    "created_at": "2025-08-11T22:06:50.646Z",
    "updated_at": "2025-08-11T22:06:50.646Z",
    "created_by": null,
    "updated_by": null,
    "utilisateur": null,
    "type_action": "creation",
    "description": "Création du compte utilisateur temp_admin",
    "date_action": "2025-08-11T22:06:50.646Z",
    "ip_address": null,
    "user_agent": null,
    "url": null
  }
},
{
  "model": "core.activite",
  "pk": 210,
  "fields": {
    "created_at": "2025-08-11T22:06:50.918Z",
    "updated_at": "2025-08-11T22:06:50.918Z",
    "created_by": null,
    "updated_by": null,
    "utilisateur": null,
    "type_action": "modification",
    "description": "Modification du compte utilisateur temp_admin",
    "date_action": "2025-08-11T22:06:50.918Z",
    "ip_address": null,
    "user_agent": null,
    "url": null
  }
},
{
  "model": "core.activite",
  "pk": 211,
  "fields": {
    "created_at": "2025-08-11T22:06:50.957Z",
    "updated_at": "2025-08-11T22:06:50.957Z",
    "created_by": null,
    "updated_by": null,
    "utilisateur": null,
    "type_action": "creation",
    "description": "Création du compte utilisateur testuser",
    "date_action": "2025-08-11T22:06:50.957Z",
    "ip_address": null,
    "user_agent": null,
    "url": null
  }
},
{
  "model": "core.activite",
  "pk": 212,
  "fields": {
    "created_at": "2025-08-11T22:06:51.233Z",
    "updated_at": "2025-08-11T22:06:51.233Z",
    "created_by": null,
    "updated_by": null,
    "utilisateur": null,
    "type_action": "modification",
    "description": "Modification du compte utilisateur testuser",
    "date_action": "2025-08-11T22:06:51.233Z",
    "ip_address": null,
    "user_agent": null,
    "url": null
  }
},
{
  "model": "core.activite",
  "pk": 213,
  "fields": {
    "created_at": "2025-08-11T22:06:51.379Z",
    "updated_at": "2025-08-11T22:06:51.379Z",
    "created_by": null,
    "updated_by": null,
    "utilisateur": null,
    "type_action": "suppression",
    "description": "Suppression du compte utilisateur testuser",
    "date_action": "2025-08-11T22:06:51.379Z",
    "ip_address": null,
    "user_agent": null,
    "url": null
  }
},
{
  "model": "core.activite",
  "pk": 214,
  "fields": {
    "created_at": "2025-08-11T22:06:51.417Z",
    "updated_at": "2025-08-11T22:06:51.417Z",
    "created_by": null,
    "updated_by": null,
    "utilisateur": null,
    "type_action": "suppression",
    "description": "Suppression du compte utilisateur temp_admin",
    "date_action": "2025-08-11T22:06:51.417Z",
    "ip_address": null,
    "user_agent": null,
    "url": null
  }
},
{
  "model": "core.activite",
  "pk": 215,
  "fields": {
    "created_at": "2025-08-11T22:07:13.514Z",
    "updated_at": "2025-08-11T22:07:13.514Z",
    "created_by": null,
    "updated_by": null,
    "utilisateur": null,
    "type_action": "creation",
    "description": "Création du compte utilisateur temp_admin",
    "date_action": "2025-08-11T22:07:13.514Z",
    "ip_address": null,
    "user_agent": null,
    "url": null
  }
},
{
  "model": "core.activite",
  "pk": 216,
  "fields": {
    "created_at": "2025-08-11T22:07:13.851Z",
    "updated_at": "2025-08-11T22:07:13.851Z",
    "created_by": null,
    "updated_by": null,
    "utilisateur": null,
    "type_action": "modification",
    "description": "Modification du compte utilisateur temp_admin",
    "date_action": "2025-08-11T22:07:13.851Z",
    "ip_address": null,
    "user_agent": null,
    "url": null
  }
},
{
  "model": "core.activite",
  "pk": 217,
  "fields": {
    "created_at": "2025-08-11T22:07:13.897Z",
    "updated_at": "2025-08-11T22:07:13.897Z",
    "created_by": null,
    "updated_by": null,
    "utilisateur": null,
    "type_action": "creation",
    "description": "Création du compte utilisateur testuser",
    "date_action": "2025-08-11T22:07:13.897Z",
    "ip_address": null,
    "user_agent": null,
    "url": null
  }
},
{
  "model": "core.activite",
  "pk": 218,
  "fields": {
    "created_at": "2025-08-11T22:07:14.239Z",
    "updated_at": "2025-08-11T22:07:14.239Z",
    "created_by": null,
    "updated_by": null,
    "utilisateur": null,
    "type_action": "modification",
    "description": "Modification du compte utilisateur testuser",
    "date_action": "2025-08-11T22:07:14.239Z",
    "ip_address": null,
    "user_agent": null,
    "url": null
  }
},
{
  "model": "core.activite",
  "pk": 219,
  "fields": {
    "created_at": "2025-08-11T22:07:14.480Z",
    "updated_at": "2025-08-11T22:07:14.480Z",
    "created_by": null,
    "updated_by": null,
    "utilisateur": null,
    "type_action": "suppression",
    "description": "Suppression du compte utilisateur testuser",
    "date_action": "2025-08-11T22:07:14.480Z",
    "ip_address": null,
    "user_agent": null,
    "url": null
  }
},
{
  "model": "core.activite",
  "pk": 220,
  "fields": {
    "created_at": "2025-08-11T22:07:14.572Z",
    "updated_at": "2025-08-11T22:07:14.572Z",
    "created_by": null,
    "updated_by": null,
    "utilisateur": null,
    "type_action": "suppression",
    "description": "Suppression du compte utilisateur temp_admin",
    "date_action": "2025-08-11T22:07:14.572Z",
    "ip_address": null,
    "user_agent": null,
    "url": null
  }
},
{
  "model": "core.activite",
  "pk": 221,
  "fields": {
    "created_at": "2025-08-11T22:07:15.068Z",
    "updated_at": "2025-08-11T22:07:15.068Z",
    "created_by": null,
    "updated_by": null,
    "utilisateur": null,
    "type_action": "suppression",
    "description": "Suppression du compte utilisateur temp_admin_queries",
    "date_action": "2025-08-11T22:07:15.068Z",
    "ip_address": null,
    "user_agent": null,
    "url": null
  }
},
{
  "model": "core.activite",
  "pk": 222,
  "fields": {
    "created_at": "2025-08-11T22:23:06.373Z",
    "updated_at": "2025-08-11T22:23:06.373Z",
    "created_by": null,
    "updated_by": null,
    "utilisateur": 32,
    "type_action": "creation",
    "description": "Création du compte utilisateur temp_admin_frontend",
    "date_action": "2025-08-11T22:23:06.373Z",
    "ip_address": null,
    "user_agent": null,
    "url": null
  }
},
{
  "model": "core.activite",
  "pk": 223,
  "fields": {
    "created_at": "2025-08-11T22:23:07.126Z",
    "updated_at": "2025-08-11T22:23:07.126Z",
    "created_by": null,
    "updated_by": null,
    "utilisateur": 32,
    "type_action": "modification",
    "description": "Modification du compte utilisateur temp_admin_frontend",
    "date_action": "2025-08-11T22:23:07.128Z",
    "ip_address": null,
    "user_agent": null,
    "url": null
  }
},
{
  "model": "core.activite",
  "pk": 224,
  "fields": {
    "created_at": "2025-08-11T22:23:07.380Z",
    "updated_at": "2025-08-11T22:23:07.382Z",
    "created_by": null,
    "updated_by": null,
    "utilisateur": 33,
    "type_action": "creation",
    "description": "Création du compte utilisateur testuser_frontend",
    "date_action": "2025-08-11T22:23:07.382Z",
    "ip_address": null,
    "user_agent": null,
    "url": null
  }
},
{
  "model": "core.activite",
  "pk": 225,
  "fields": {
    "created_at": "2025-08-11T22:23:08.787Z",
    "updated_at": "2025-08-11T22:23:08.788Z",
    "created_by": null,
    "updated_by": null,
    "utilisateur": 33,
    "type_action": "modification",
    "description": "Modification du compte utilisateur testuser_frontend",
    "date_action": "2025-08-11T22:23:08.788Z",
    "ip_address": null,
    "user_agent": null,
    "url": null
  }
},
{
  "model": "core.activite",
  "pk": 226,
  "fields": {
    "created_at": "2025-08-11T22:25:50.747Z",
    "updated_at": "2025-08-11T22:25:50.747Z",
    "created_by": null,
    "updated_by": null,
    "utilisateur": null,
    "type_action": "creation",
    "description": "Création du compte utilisateur temp_admin_simple",
    "date_action": "2025-08-11T22:25:50.747Z",
    "ip_address": null,
    "user_agent": null,
    "url": null
  }
},
{
  "model": "core.activite",
  "pk": 227,
  "fields": {
    "created_at": "2025-08-11T22:25:51.195Z",
    "updated_at": "2025-08-11T22:25:51.195Z",
    "created_by": null,
    "updated_by": null,
    "utilisateur": null,
    "type_action": "modification",
    "description": "Modification du compte utilisateur temp_admin_simple",
    "date_action": "2025-08-11T22:25:51.195Z",
    "ip_address": null,
    "user_agent": null,
    "url": null
  }
},
{
  "model": "core.activite",
  "pk": 228,
  "fields": {
    "created_at": "2025-08-11T22:25:51.536Z",
    "updated_at": "2025-08-11T22:25:51.536Z",
    "created_by": null,
    "updated_by": null,
    "utilisateur": null,
    "type_action": "suppression",
    "description": "Suppression du compte utilisateur temp_admin_simple",
    "date_action": "2025-08-11T22:25:51.536Z",
    "ip_address": null,
    "user_agent": null,
    "url": null
  }
},
{
  "model": "core.activite",
  "pk": 229,
  "fields": {
    "created_at": "2025-08-12T13:39:52.811Z",
    "updated_at": "2025-08-12T13:39:52.811Z",
    "created_by": null,
    "updated_by": null,
    "utilisateur": null,
    "type_action": "creation",
    "description": "Création du compte utilisateur temp_admin_debug",
    "date_action": "2025-08-12T13:39:52.811Z",
    "ip_address": null,
    "user_agent": null,
    "url": null
  }
},
{
  "model": "core.activite",
  "pk": 230,
  "fields": {
    "created_at": "2025-08-12T13:39:53.111Z",
    "updated_at": "2025-08-12T13:39:53.111Z",
    "created_by": null,
    "updated_by": null,
    "utilisateur": null,
    "type_action": "modification",
    "description": "Modification du compte utilisateur temp_admin_debug",
    "date_action": "2025-08-12T13:39:53.111Z",
    "ip_address": null,
    "user_agent": null,
    "url": null
  }
},
{
  "model": "core.activite",
  "pk": 231,
  "fields": {
    "created_at": "2025-08-12T13:39:59.194Z",
    "updated_at": "2025-08-12T13:39:59.194Z",
    "created_by": null,
    "updated_by": null,
    "utilisateur": null,
    "type_action": "suppression",
    "description": "Suppression du compte utilisateur temp_admin_debug",
    "date_action": "2025-08-12T13:39:59.194Z",
    "ip_address": null,
    "user_agent": null,
    "url": null
  }
},
{
  "model": "core.activite",
  "pk": 232,
  "fields": {
    "created_at": "2025-08-12T13:42:16.888Z",
    "updated_at": "2025-08-12T13:42:16.888Z",
    "created_by": null,
    "updated_by": null,
    "utilisateur": null,
    "type_action": "creation",
    "description": "Création du compte utilisateur temp_web_test",
    "date_action": "2025-08-12T13:42:16.888Z",
    "ip_address": null,
    "user_agent": null,
    "url": null
  }
},
{
  "model": "core.activite",
  "pk": 233,
  "fields": {
    "created_at": "2025-08-12T13:42:17.583Z",
    "updated_at": "2025-08-12T13:42:17.584Z",
    "created_by": null,
    "updated_by": null,
    "utilisateur": null,
    "type_action": "modification",
    "description": "Modification du compte utilisateur temp_web_test",
    "date_action": "2025-08-12T13:42:17.584Z",
    "ip_address": null,
    "user_agent": null,
    "url": null
  }
},
{
  "model": "core.activite",
  "pk": 234,
  "fields": {
    "created_at": "2025-08-12T13:43:54.613Z",
    "updated_at": "2025-08-12T13:43:54.613Z",
    "created_by": null,
    "updated_by": null,
    "utilisateur": null,
    "type_action": "suppression",
    "description": "Suppression du compte utilisateur temp_web_test",
    "date_action": "2025-08-12T13:43:54.625Z",
    "ip_address": null,
    "user_agent": null,
    "url": null
  }
},
{
  "model": "core.activite",
  "pk": 235,
  "fields": {
    "created_at": "2025-08-12T14:06:40.061Z",
    "updated_at": "2025-08-12T14:06:40.061Z",
    "created_by": null,
    "updated_by": null,
    "utilisateur": null,
    "type_action": "creation",
    "description": "Création du compte utilisateur temp_api_test",
    "date_action": "2025-08-12T14:06:40.061Z",
    "ip_address": null,
    "user_agent": null,
    "url": null
  }
},
{
  "model": "core.activite",
  "pk": 236,
  "fields": {
    "created_at": "2025-08-12T14:06:40.814Z",
    "updated_at": "2025-08-12T14:06:40.814Z",
    "created_by": null,
    "updated_by": null,
    "utilisateur": null,
    "type_action": "modification",
    "description": "Modification du compte utilisateur temp_api_test",
    "date_action": "2025-08-12T14:06:40.814Z",
    "ip_address": null,
    "user_agent": null,
    "url": null
  }
},
{
  "model": "core.activite",
  "pk": 237,
  "fields": {
    "created_at": "2025-08-12T14:06:41.829Z",
    "updated_at": "2025-08-12T14:06:41.830Z",
    "created_by": null,
    "updated_by": null,
    "utilisateur": null,
    "type_action": "suppression",
    "description": "Suppression du compte utilisateur temp_api_test",
    "date_action": "2025-08-12T14:06:41.830Z",
    "ip_address": null,
    "user_agent": null,
    "url": null
  }
},
{
  "model": "core.activite",
  "pk": 238,
  "fields": {
    "created_at": "2025-08-12T14:09:29.084Z",
    "updated_at": "2025-08-12T14:09:29.084Z",
    "created_by": null,
    "updated_by": null,
    "utilisateur": null,
    "type_action": "creation",
    "description": "Création du compte utilisateur temp_mobile_test",
    "date_action": "2025-08-12T14:09:29.084Z",
    "ip_address": null,
    "user_agent": null,
    "url": null
  }
},
{
  "model": "core.activite",
  "pk": 239,
  "fields": {
    "created_at": "2025-08-12T14:09:30.878Z",
    "updated_at": "2025-08-12T14:09:30.878Z",
    "created_by": null,
    "updated_by": null,
    "utilisateur": null,
    "type_action": "modification",
    "description": "Modification du compte utilisateur temp_mobile_test",
    "date_action": "2025-08-12T14:09:30.878Z",
    "ip_address": null,
    "user_agent": null,
    "url": null
  }
},
{
  "model": "core.activite",
  "pk": 240,
  "fields": {
    "created_at": "2025-08-12T14:13:08.503Z",
    "updated_at": "2025-08-12T14:13:08.503Z",
    "created_by": null,
    "updated_by": null,
    "utilisateur": null,
    "type_action": "suppression",
    "description": "Suppression du compte utilisateur temp_mobile_test",
    "date_action": "2025-08-12T14:13:08.503Z",
    "ip_address": null,
    "user_agent": null,
    "url": null
  }
},
{
  "model": "core.activite",
  "pk": 241,
  "fields": {
    "created_at": "2025-08-12T15:29:39.517Z",
    "updated_at": "2025-08-12T15:29:39.517Z",
    "created_by": null,
    "updated_by": null,
    "utilisateur": 1,
    "type_action": "modification",
    "description": "Modification du compte utilisateur pymalien@gmail.com",
    "date_action": "2025-08-12T15:29:39.517Z",
    "ip_address": null,
    "user_agent": null,
    "url": null
  }
},
{
  "model": "core.activite",
  "pk": 242,
  "fields": {
    "created_at": "2025-08-12T15:29:39.526Z",
    "updated_at": "2025-08-12T15:29:39.526Z",
    "created_by": null,
    "updated_by": null,
    "utilisateur": 1,
    "type_action": "modification",
    "description": "Modification du compte utilisateur pymalien@gmail.com",
    "date_action": "2025-08-12T15:29:39.526Z",
    "ip_address": null,
    "user_agent": null,
    "url": null
  }
},
{
  "model": "core.activite",
  "pk": 243,
  "fields": {
    "created_at": "2025-08-12T15:29:39.526Z",
    "updated_at": "2025-08-12T15:29:39.526Z",
    "created_by": null,
    "updated_by": null,
    "utilisateur": 1,
    "type_action": "connexion",
    "description": "Connexion de l'utilisateur pymalien@gmail.com",
    "date_action": "2025-08-12T15:29:39.526Z",
    "ip_address": null,
    "user_agent": "",
    "url": ""
  }
},
{
  "model": "core.activite",
  "pk": 244,
  "fields": {
    "created_at": "2025-08-12T15:30:14.283Z",
    "updated_at": "2025-08-12T15:30:14.283Z",
    "created_by": null,
    "updated_by": null,
    "utilisateur": 1,
    "type_action": "modification",
    "description": "Modification du compte utilisateur pymalien@gmail.com",
    "date_action": "2025-08-12T15:30:14.283Z",
    "ip_address": null,
    "user_agent": null,
    "url": null
  }
},
{
  "model": "core.activite",
  "pk": 245,
  "fields": {
    "created_at": "2025-08-12T15:30:14.294Z",
    "updated_at": "2025-08-12T15:30:14.294Z",
    "created_by": null,
    "updated_by": null,
    "utilisateur": 1,
    "type_action": "modification",
    "description": "Modification du compte utilisateur pymalien@gmail.com",
    "date_action": "2025-08-12T15:30:14.294Z",
    "ip_address": null,
    "user_agent": null,
    "url": null
  }
},
{
  "model": "core.activite",
  "pk": 246,
  "fields": {
    "created_at": "2025-08-12T15:30:14.299Z",
    "updated_at": "2025-08-12T15:30:14.299Z",
    "created_by": null,
    "updated_by": null,
    "utilisateur": 1,
    "type_action": "connexion",
    "description": "Connexion de l'utilisateur pymalien@gmail.com",
    "date_action": "2025-08-12T15:30:14.299Z",
    "ip_address": null,
    "user_agent": "",
    "url": ""
  }
},
{
  "model": "core.activite",
  "pk": 247,
  "fields": {
    "created_at": "2025-08-12T15:33:17.673Z",
    "updated_at": "2025-08-12T15:33:17.673Z",
    "created_by": null,
    "updated_by": null,
    "utilisateur": 39,
    "type_action": "creation",
    "description": "Création du compte utilisateur testuser",
    "date_action": "2025-08-12T15:33:17.673Z",
    "ip_address": null,
    "user_agent": null,
    "url": null
  }
},
{
  "model": "core.activite",
  "pk": 248,
  "fields": {
    "created_at": "2025-08-12T15:33:17.921Z",
    "updated_at": "2025-08-12T15:33:17.921Z",
    "created_by": null,
    "updated_by": null,
    "utilisateur": 39,
    "type_action": "modification",
    "description": "Modification du compte utilisateur testuser",
    "date_action": "2025-08-12T15:33:17.921Z",
    "ip_address": null,
    "user_agent": null,
    "url": null
  }
},
{
  "model": "core.activite",
  "pk": 249,
  "fields": {
    "created_at": "2025-08-12T15:34:05.040Z",
    "updated_at": "2025-08-12T15:34:05.040Z",
    "created_by": null,
    "updated_by": null,
    "utilisateur": 39,
    "type_action": "modification",
    "description": "Modification du compte utilisateur testuser",
    "date_action": "2025-08-12T15:34:05.041Z",
    "ip_address": null,
    "user_agent": null,
    "url": null
  }
},
{
  "model": "core.activite",
  "pk": 250,
  "fields": {
    "created_at": "2025-08-12T15:34:21.691Z",
    "updated_at": "2025-08-12T15:34:21.691Z",
    "created_by": null,
    "updated_by": null,
    "utilisateur": 39,
    "type_action": "modification",
    "description": "Modification du compte utilisateur testuser",
    "date_action": "2025-08-12T15:34:21.691Z",
    "ip_address": null,
    "user_agent": null,
    "url": null
  }
},
{
  "model": "core.activite",
  "pk": 251,
  "fields": {
    "created_at": "2025-08-12T15:56:48.580Z",
    "updated_at": "2025-08-12T15:56:48.580Z",
    "created_by": null,
    "updated_by": null,
    "utilisateur": 1,
    "type_action": "modification",
    "description": "Modification du compte utilisateur pymalien@gmail.com",
    "date_action": "2025-08-12T15:56:48.580Z",
    "ip_address": null,
    "user_agent": null,
    "url": null
  }
},
{
  "model": "core.activite",
  "pk": 252,
  "fields": {
    "created_at": "2025-08-12T15:56:48.593Z",
    "updated_at": "2025-08-12T15:56:48.593Z",
    "created_by": null,
    "updated_by": null,
    "utilisateur": 1,
    "type_action": "modification",
    "description": "Modification du compte utilisateur pymalien@gmail.com",
    "date_action": "2025-08-12T15:56:48.593Z",
    "ip_address": null,
    "user_agent": null,
    "url": null
  }
},
{
  "model": "core.activite",
  "pk": 253,
  "fields": {
    "created_at": "2025-08-12T15:56:48.600Z",
    "updated_at": "2025-08-12T15:56:48.600Z",
    "created_by": null,
    "updated_by": null,
    "utilisateur": 1,
    "type_action": "connexion",
    "description": "Connexion de l'utilisateur pymalien@gmail.com",
    "date_action": "2025-08-12T15:56:48.600Z",
    "ip_address": null,
    "user_agent": "",
    "url": ""
  }
},
{
  "model": "core.activite",
  "pk": 254,
  "fields": {
    "created_at": "2025-08-13T20:00:11.729Z",
    "updated_at": "2025-08-13T20:00:11.729Z",
    "created_by": null,
    "updated_by": null,
    "utilisateur": 40,
    "type_action": "creation",
    "description": "Création du compte utilisateur testmobile",
    "date_action": "2025-08-13T20:00:11.729Z",
    "ip_address": null,
    "user_agent": null,
    "url": null
  }
},
{
  "model": "core.activite",
  "pk": 255,
  "fields": {
    "created_at": "2025-08-13T20:58:15.613Z",
    "updated_at": "2025-08-13T20:58:15.613Z",
    "created_by": null,
    "updated_by": null,
    "utilisateur": 1,
    "type_action": "modification",
    "description": "Modification du compte utilisateur pymalien@gmail.com",
    "date_action": "2025-08-13T20:58:15.613Z",
    "ip_address": null,
    "user_agent": null,
    "url": null
  }
},
{
  "model": "core.activite",
  "pk": 256,
  "fields": {
    "created_at": "2025-08-14T05:03:19.279Z",
    "updated_at": "2025-08-14T05:03:19.279Z",
    "created_by": null,
    "updated_by": null,
    "utilisateur": 41,
    "type_action": "creation",
    "description": "Création du compte utilisateur test_user",
    "date_action": "2025-08-14T05:03:19.279Z",
    "ip_address": null,
    "user_agent": null,
    "url": null
  }
},
{
  "model": "core.activite",
  "pk": 257,
  "fields": {
    "created_at": "2025-08-14T05:03:19.315Z",
    "updated_at": "2025-08-14T05:03:19.315Z",
    "created_by": null,
    "updated_by": null,
    "utilisateur": 41,
    "type_action": "modification",
    "description": "Modification du compte utilisateur test_user",
    "date_action": "2025-08-14T05:03:19.315Z",
    "ip_address": null,
    "user_agent": null,
    "url": null
  }
},
{
  "model": "core.activite",
  "pk": 258,
  "fields": {
    "created_at": "2025-08-14T05:09:35.665Z",
    "updated_at": "2025-08-14T05:09:35.665Z",
    "created_by": null,
    "updated_by": null,
    "utilisateur": 41,
    "type_action": "modification",
    "description": "Modification du compte utilisateur test_user",
    "date_action": "2025-08-14T05:09:35.665Z",
    "ip_address": null,
    "user_agent": null,
    "url": null
  }
},
{
  "model": "inventory.category",
  "pk": 1,
  "fields": {
    "name": "Électronique",
    "slug": "electronique",
    "parent": null,
    "description": "Équipements électroniques et gadgets",
    "image": "",
    "level": 0,
    "order": 0,
    "is_active": true,
    "created_at": "2025-06-15T20:20:51.711Z",
    "updated_at": "2025-06-15T20:20:51.711Z",
    "site_configuration": 1
  }
},
{
  "model": "inventory.category",
  "pk": 2,
  "fields": {
    "name": "Vêtements",
    "slug": "vetements",
    "parent": null,
    "description": "Vêtements et accessoires",
    "image": "",
    "level": 0,
    "order": 0,
    "is_active": true,
    "created_at": "2025-06-15T20:20:51.727Z",
    "updated_at": "2025-06-15T20:20:51.727Z",
    "site_configuration": 1
  }
},
{
  "model": "inventory.category",
  "pk": 3,
  "fields": {
    "name": "Alimentation",
    "slug": "alimentation",
    "parent": null,
    "description": "Produits alimentaires et boissons",
    "image": "",
    "level": 0,
    "order": 0,
    "is_active": true,
    "created_at": "2025-06-15T20:20:51.772Z",
    "updated_at": "2025-06-15T20:20:51.773Z",
    "site_configuration": 1
  }
},
{
  "model": "inventory.category",
  "pk": 4,
  "fields": {
    "name": "Maison",
    "slug": "maison",
    "parent": null,
    "description": "Articles pour la maison",
    "image": "",
    "level": 0,
    "order": 0,
    "is_active": true,
    "created_at": "2025-06-15T20:20:51.783Z",
    "updated_at": "2025-06-15T20:20:51.783Z",
    "site_configuration": 1
  }
},
{
  "model": "inventory.category",
  "pk": 5,
  "fields": {
    "name": "Sport",
    "slug": "sport",
    "parent": null,
    "description": "Équipements sportifs",
    "image": "",
    "level": 0,
    "order": 0,
    "is_active": true,
    "created_at": "2025-06-15T20:20:51.796Z",
    "updated_at": "2025-06-15T20:20:51.796Z",
    "site_configuration": 1
  }
},
{
  "model": "inventory.category",
  "pk": 6,
  "fields": {
    "name": "Beauté",
    "slug": "beaute",
    "parent": null,
    "description": "Produits de beauté et cosmétiques",
    "image": "",
    "level": 0,
    "order": 0,
    "is_active": true,
    "created_at": "2025-06-15T20:20:51.808Z",
    "updated_at": "2025-06-15T20:20:51.808Z",
    "site_configuration": 1
  }
},
{
  "model": "inventory.category",
  "pk": 7,
  "fields": {
    "name": "Jardinage",
    "slug": "jardinage",
    "parent": null,
    "description": "Articles de jardinage et plantes",
    "image": "",
    "level": 0,
    "order": 0,
    "is_active": true,
    "created_at": "2025-06-15T20:20:51.820Z",
    "updated_at": "2025-06-15T20:20:51.821Z",
    "site_configuration": 1
  }
},
{
  "model": "inventory.category",
  "pk": 8,
  "fields": {
    "name": "Bureau",
    "slug": "bureau",
    "parent": null,
    "description": "Fournitures de bureau",
    "image": "",
    "level": 0,
    "order": 0,
    "is_active": true,
    "created_at": "2025-06-15T20:20:51.832Z",
    "updated_at": "2025-06-15T20:20:51.832Z",
    "site_configuration": 1
  }
},
{
  "model": "inventory.category",
  "pk": 9,
  "fields": {
    "name": "Santé",
    "slug": "sante",
    "parent": null,
    "description": "Produits de santé et bien-être",
    "image": "",
    "level": 0,
    "order": 0,
    "is_active": true,
    "created_at": "2025-06-15T20:20:51.844Z",
    "updated_at": "2025-06-15T20:20:51.844Z",
    "site_configuration": 1
  }
},
{
  "model": "inventory.category",
  "pk": 10,
  "fields": {
    "name": "Jouets",
    "slug": "jouets",
    "parent": null,
    "description": "Jouets et jeux",
    "image": "",
    "level": 0,
    "order": 0,
    "is_active": true,
    "created_at": "2025-06-15T20:20:51.855Z",
    "updated_at": "2025-06-15T20:20:51.855Z",
    "site_configuration": 1
  }
},
{
  "model": "inventory.category",
  "pk": 24,
  "fields": {
    "name": "Catégorie Test Frontend",
    "slug": "categorie-test-frontend",
    "parent": null,
    "description": null,
    "image": "",
    "level": 0,
    "order": 0,
    "is_active": true,
    "created_at": "2025-08-11T22:23:09.045Z",
    "updated_at": "2025-08-11T22:23:09.045Z",
    "site_configuration": 26
  }
},
{
  "model": "inventory.category",
  "pk": 31,
  "fields": {
    "name": "Cat mis à jour",
    "slug": "cat-mis-a-jour",
    "parent": null,
    "description": "",
    "image": "",
    "level": 0,
    "order": 0,
    "is_active": true,
    "created_at": "2025-08-14T06:21:13.596Z",
    "updated_at": "2025-08-14T06:21:13.596Z",
    "site_configuration": null
  }
},
{
  "model": "inventory.brand",
  "pk": 1,
  "fields": {
    "name": "BoliTech",
    "description": "Marque BoliTech",
    "logo": "",
    "is_active": true,
    "created_at": "2025-06-15T20:20:51.868Z",
    "updated_at": "2025-06-15T20:20:51.868Z",
    "site_configuration": 1
  }
},
{
  "model": "inventory.brand",
  "pk": 2,
  "fields": {
    "name": "MaliStyle",
    "description": "Marque MaliStyle",
    "logo": "",
    "is_active": true,
    "created_at": "2025-06-15T20:20:51.876Z",
    "updated_at": "2025-06-15T20:20:51.876Z",
    "site_configuration": 1
  }
},
{
  "model": "inventory.brand",
  "pk": 3,
  "fields": {
    "name": "AfriFood",
    "description": "Marque AfriFood",
    "logo": "",
    "is_active": true,
    "created_at": "2025-06-15T20:20:51.885Z",
    "updated_at": "2025-06-15T20:20:51.885Z",
    "site_configuration": 1
  }
},
{
  "model": "inventory.brand",
  "pk": 4,
  "fields": {
    "name": "HomePlus",
    "description": "Marque HomePlus",
    "logo": "",
    "is_active": true,
    "created_at": "2025-06-15T20:20:51.893Z",
    "updated_at": "2025-06-15T20:20:51.893Z",
    "site_configuration": 1
  }
},
{
  "model": "inventory.brand",
  "pk": 5,
  "fields": {
    "name": "SportPro",
    "description": "Marque SportPro",
    "logo": "",
    "is_active": true,
    "created_at": "2025-06-15T20:20:51.902Z",
    "updated_at": "2025-06-15T20:20:51.902Z",
    "site_configuration": 1
  }
},
{
  "model": "inventory.brand",
  "pk": 6,
  "fields": {
    "name": "BeautyMali",
    "description": "Marque BeautyMali",
    "logo": "",
    "is_active": true,
    "created_at": "2025-06-15T20:20:51.909Z",
    "updated_at": "2025-06-15T20:20:51.909Z",
    "site_configuration": 1
  }
},
{
  "model": "inventory.brand",
  "pk": 7,
  "fields": {
    "name": "GardenPro",
    "description": "Marque GardenPro",
    "logo": "",
    "is_active": true,
    "created_at": "2025-06-15T20:20:51.918Z",
    "updated_at": "2025-06-15T20:20:51.918Z",
    "site_configuration": 1
  }
},
{
  "model": "inventory.brand",
  "pk": 8,
  "fields": {
    "name": "OfficePlus",
    "description": "Marque OfficePlus",
    "logo": "",
    "is_active": true,
    "created_at": "2025-06-15T20:20:51.926Z",
    "updated_at": "2025-06-15T20:20:51.926Z",
    "site_configuration": 1
  }
},
{
  "model": "inventory.brand",
  "pk": 9,
  "fields": {
    "name": "HealthCare",
    "description": "Marque HealthCare",
    "logo": "",
    "is_active": true,
    "created_at": "2025-06-15T20:20:51.934Z",
    "updated_at": "2025-06-15T20:20:51.934Z",
    "site_configuration": 1
  }
},
{
  "model": "inventory.brand",
  "pk": 10,
  "fields": {
    "name": "ToyLand",
    "description": "Marque ToyLand",
    "logo": "",
    "is_active": true,
    "created_at": "2025-06-15T20:20:51.942Z",
    "updated_at": "2025-06-15T20:20:51.942Z",
    "site_configuration": 1
  }
},
{
  "model": "inventory.brand",
  "pk": 23,
  "fields": {
    "name": "Marque Test Frontend",
    "description": null,
    "logo": "",
    "is_active": true,
    "created_at": "2025-08-11T22:23:09.079Z",
    "updated_at": "2025-08-11T22:23:09.079Z",
    "site_configuration": 26
  }
},
{
  "model": "inventory.brand",
  "pk": 30,
  "fields": {
    "name": "Marque mis à jour",
    "description": "",
    "logo": "",
    "is_active": true,
    "created_at": "2025-08-14T06:21:34.770Z",
    "updated_at": "2025-08-14T06:21:34.770Z",
    "site_configuration": null
  }
},
{
  "model": "inventory.product",
  "pk": 1,
  "fields": {
    "name": "Smartphone BoliTech X1",
    "slug": "smartphone-bolitech-x1",
    "cug": "33405",
    "description": "Smartphone dernière génération",
    "purchase_price": "120000",
    "selling_price": "150000",
    "quantity": 0,
    "alert_threshold": 10,
    "stock_updated_at": "2025-06-17T20:52:46.520Z",
    "category": 1,
    "brand": 1,
    "image": "",
    "is_active": true,
    "created_at": "2025-06-15T20:20:51.959Z",
    "updated_at": "2025-06-15T20:20:51.959Z",
    "site_configuration": 1
  }
},
{
  "model": "inventory.product",
  "pk": 2,
  "fields": {
    "name": "Tablette BoliTech Pro",
    "slug": "tablette-bolitech-pro",
    "cug": "17556",
    "description": "Tablette 10 pouces",
    "purchase_price": "95000",
    "selling_price": "120000",
    "quantity": 0,
    "alert_threshold": 10,
    "stock_updated_at": "2025-06-17T20:52:46.520Z",
    "category": 1,
    "brand": 1,
    "image": "",
    "is_active": true,
    "created_at": "2025-06-15T20:20:51.978Z",
    "updated_at": "2025-06-15T20:20:51.978Z",
    "site_configuration": 1
  }
},
{
  "model": "inventory.product",
  "pk": 3,
  "fields": {
    "name": "T-shirt MaliStyle Premium",
    "slug": "t-shirt-malistyle-premium",
    "cug": "84374",
    "description": "T-shirt en coton de qualité",
    "purchase_price": "20000",
    "selling_price": "25000",
    "quantity": 0,
    "alert_threshold": 10,
    "stock_updated_at": "2025-06-17T20:52:46.520Z",
    "category": 2,
    "brand": 2,
    "image": "",
    "is_active": true,
    "created_at": "2025-06-15T20:20:51.993Z",
    "updated_at": "2025-06-15T20:20:51.993Z",
    "site_configuration": 1
  }
},
{
  "model": "inventory.product",
  "pk": 4,
  "fields": {
    "name": "Jean MaliStyle Classic",
    "slug": "jean-malistyle-classic",
    "cug": "15477",
    "description": "Jean coupe droite",
    "purchase_price": "35000",
    "selling_price": "45000",
    "quantity": 0,
    "alert_threshold": 10,
    "stock_updated_at": "2025-06-17T20:52:46.520Z",
    "category": 2,
    "brand": 2,
    "image": "",
    "is_active": true,
    "created_at": "2025-06-15T20:20:52.008Z",
    "updated_at": "2025-06-15T20:20:52.009Z",
    "site_configuration": 1
  }
},
{
  "model": "inventory.product",
  "pk": 5,
  "fields": {
    "name": "Riz Basmati AfriFood",
    "slug": "riz-basmati-afrifood",
    "cug": "22799",
    "description": "Riz basmati de qualité supérieure",
    "purchase_price": "12000",
    "selling_price": "15000",
    "quantity": 0,
    "alert_threshold": 10,
    "stock_updated_at": "2025-06-17T20:52:46.520Z",
    "category": 3,
    "brand": 3,
    "image": "",
    "is_active": true,
    "created_at": "2025-06-15T20:20:52.023Z",
    "updated_at": "2025-06-15T20:20:52.023Z",
    "site_configuration": 1
  }
},
{
  "model": "inventory.product",
  "pk": 6,
  "fields": {
    "name": "Huile d'Arachide AfriFood",
    "slug": "huile-darachide-afrifood",
    "cug": "15781",
    "description": "Huile d'arachide pure",
    "purchase_price": "9500",
    "selling_price": "12000",
    "quantity": 0,
    "alert_threshold": 10,
    "stock_updated_at": "2025-06-17T20:52:46.520Z",
    "category": 3,
    "brand": 3,
    "image": "",
    "is_active": true,
    "created_at": "2025-06-15T20:20:52.040Z",
    "updated_at": "2025-06-15T20:20:52.040Z",
    "site_configuration": 1
  }
},
{
  "model": "inventory.product",
  "pk": 7,
  "fields": {
    "name": "Casserole HomePlus",
    "slug": "casserole-homeplus",
    "cug": "41402",
    "description": "Casserole antiadhésive",
    "purchase_price": "28000",
    "selling_price": "35000",
    "quantity": 0,
    "alert_threshold": 10,
    "stock_updated_at": "2025-06-17T20:52:46.520Z",
    "category": 4,
    "brand": 4,
    "image": "",
    "is_active": true,
    "created_at": "2025-06-15T20:20:52.055Z",
    "updated_at": "2025-06-15T20:20:52.055Z",
    "site_configuration": 1
  }
},
{
  "model": "inventory.product",
  "pk": 8,
  "fields": {
    "name": "Set de Couteaux HomePlus",
    "slug": "set-de-couteaux-homeplus",
    "cug": "97928",
    "description": "Set de 6 couteaux",
    "purchase_price": "22000",
    "selling_price": "28000",
    "quantity": 0,
    "alert_threshold": 10,
    "stock_updated_at": "2025-06-17T20:52:46.520Z",
    "category": 4,
    "brand": 4,
    "image": "",
    "is_active": true,
    "created_at": "2025-06-15T20:20:52.070Z",
    "updated_at": "2025-06-15T20:20:52.070Z",
    "site_configuration": 1
  }
},
{
  "model": "inventory.product",
  "pk": 9,
  "fields": {
    "name": "Ballon de Football SportPro",
    "slug": "ballon-de-football-sportpro",
    "cug": "13750",
    "description": "Ballon professionnel",
    "purchase_price": "15000",
    "selling_price": "20000",
    "quantity": 0,
    "alert_threshold": 10,
    "stock_updated_at": "2025-06-17T20:52:46.520Z",
    "category": 5,
    "brand": 5,
    "image": "",
    "is_active": true,
    "created_at": "2025-06-15T20:20:52.085Z",
    "updated_at": "2025-06-15T20:20:52.086Z",
    "site_configuration": 1
  }
},
{
  "model": "inventory.product",
  "pk": 10,
  "fields": {
    "name": "Raquette de Tennis SportPro",
    "slug": "raquette-de-tennis-sportpro",
    "cug": "56823",
    "description": "Raquette professionnelle",
    "purchase_price": "60000",
    "selling_price": "75000",
    "quantity": 0,
    "alert_threshold": 10,
    "stock_updated_at": "2025-06-17T20:52:46.520Z",
    "category": 5,
    "brand": 5,
    "image": "",
    "is_active": true,
    "created_at": "2025-06-15T20:20:52.103Z",
    "updated_at": "2025-06-15T20:20:52.103Z",
    "site_configuration": 1
  }
},
{
  "model": "inventory.product",
  "pk": 11,
  "fields": {
    "name": "Crème Hydratante BeautyMali",
    "slug": "creme-hydratante-beautymali",
    "cug": "13082",
    "description": "Crème hydratante naturelle",
    "purchase_price": "8500",
    "selling_price": "12000",
    "quantity": 0,
    "alert_threshold": 10,
    "stock_updated_at": "2025-06-17T20:52:46.520Z",
    "category": 6,
    "brand": 6,
    "image": "",
    "is_active": true,
    "created_at": "2025-06-15T20:20:52.118Z",
    "updated_at": "2025-06-15T20:20:52.118Z",
    "site_configuration": 1
  }
},
{
  "model": "inventory.product",
  "pk": 12,
  "fields": {
    "name": "Test PATCH Sans Image",
    "slug": "shampoing-beautymali",
    "cug": "99998",
    "description": "MAJ sans image (script)",
    "purchase_price": "1000",
    "selling_price": "1500",
    "quantity": 2,
    "alert_threshold": 5,
    "stock_updated_at": "2025-08-16T04:20:54.988Z",
    "category": null,
    "brand": null,
    "image": "products/test_final_image.jpg",
    "is_active": true,
    "created_at": "2025-06-15T20:20:52.133Z",
    "updated_at": "2025-08-16T04:20:54.988Z",
    "site_configuration": 1
  }
},
{
  "model": "inventory.product",
  "pk": 13,
  "fields": {
    "name": "Kit Jardinage GardenPro",
    "slug": "kit-jardinage-gardenpro",
    "cug": "21542",
    "description": "Kit complet de jardinage",
    "purchase_price": "45000",
    "selling_price": "60000",
    "quantity": 0,
    "alert_threshold": 10,
    "stock_updated_at": "2025-06-17T20:52:46.520Z",
    "category": 7,
    "brand": 7,
    "image": "",
    "is_active": true,
    "created_at": "2025-06-15T20:20:52.149Z",
    "updated_at": "2025-06-15T20:20:52.150Z",
    "site_configuration": 1
  }
},
{
  "model": "inventory.product",
  "pk": 14,
  "fields": {
    "name": "Arrosoir GardenPro",
    "slug": "arrosoir-gardenpro",
    "cug": "60184",
    "description": "Arrosoir 5L",
    "purchase_price": "12000",
    "selling_price": "15000",
    "quantity": 0,
    "alert_threshold": 10,
    "stock_updated_at": "2025-06-17T20:52:46.520Z",
    "category": 7,
    "brand": 7,
    "image": "",
    "is_active": true,
    "created_at": "2025-06-15T20:20:52.165Z",
    "updated_at": "2025-06-15T20:20:52.165Z",
    "site_configuration": 1
  }
},
{
  "model": "inventory.product",
  "pk": 15,
  "fields": {
    "name": "Set Bureau OfficePlus",
    "slug": "set-bureau-officeplus",
    "cug": "85257",
    "description": "Set complet de fournitures de bureau",
    "purchase_price": "25000",
    "selling_price": "35000",
    "quantity": 0,
    "alert_threshold": 10,
    "stock_updated_at": "2025-06-17T20:52:46.520Z",
    "category": 8,
    "brand": 8,
    "image": "",
    "is_active": true,
    "created_at": "2025-06-15T20:20:52.181Z",
    "updated_at": "2025-06-15T20:20:52.181Z",
    "site_configuration": 1
  }
},
{
  "model": "inventory.product",
  "pk": 16,
  "fields": {
    "name": "Classeur OfficePlus",
    "slug": "classeur-officeplus",
    "cug": "35638",
    "description": "Classeur 4 anneaux",
    "purchase_price": "8000",
    "selling_price": "12000",
    "quantity": 0,
    "alert_threshold": 10,
    "stock_updated_at": "2025-06-17T20:52:46.520Z",
    "category": 8,
    "brand": 8,
    "image": "",
    "is_active": true,
    "created_at": "2025-06-15T20:20:52.197Z",
    "updated_at": "2025-06-15T20:20:52.197Z",
    "site_configuration": 1
  }
},
{
  "model": "inventory.product",
  "pk": 17,
  "fields": {
    "name": "Vitamines HealthCare",
    "slug": "vitamines-healthcare",
    "cug": "88282",
    "description": "Complexe de vitamines",
    "purchase_price": "15000",
    "selling_price": "20000",
    "quantity": 0,
    "alert_threshold": 10,
    "stock_updated_at": "2025-06-17T20:52:46.520Z",
    "category": 9,
    "brand": 9,
    "image": "",
    "is_active": true,
    "created_at": "2025-06-15T20:20:52.213Z",
    "updated_at": "2025-06-15T20:20:52.213Z",
    "site_configuration": 1
  }
},
{
  "model": "inventory.product",
  "pk": 18,
  "fields": {
    "name": "Tensiomètre HealthCare",
    "slug": "tensiometre-healthcare",
    "cug": "57851",
    "description": "Tensiomètre digital",
    "purchase_price": "35000",
    "selling_price": "45000",
    "quantity": 1,
    "alert_threshold": 10,
    "stock_updated_at": "2025-08-15T05:59:42.354Z",
    "category": 3,
    "brand": 23,
    "image": "",
    "is_active": true,
    "created_at": "2025-06-15T20:20:52.229Z",
    "updated_at": "2025-08-15T05:59:42.354Z",
    "site_configuration": 1
  }
},
{
  "model": "inventory.product",
  "pk": 19,
  "fields": {
    "name": "Jeu de Construction ToyLand",
    "slug": "jeu-de-construction-toyland",
    "cug": "91227",
    "description": "Set de construction 100 pièces",
    "purchase_price": "28000",
    "selling_price": "35000",
    "quantity": 0,
    "alert_threshold": 10,
    "stock_updated_at": "2025-06-17T20:52:46.520Z",
    "category": 10,
    "brand": 10,
    "image": "",
    "is_active": true,
    "created_at": "2025-06-15T20:20:52.244Z",
    "updated_at": "2025-06-15T20:20:52.244Z",
    "site_configuration": 1
  }
},
{
  "model": "inventory.product",
  "pk": 20,
  "fields": {
    "name": "Poupée ToyLand",
    "slug": "poupee-toyland",
    "cug": "90757",
    "description": "Poupée traditionnelle",
    "purchase_price": "15000",
    "selling_price": "20000",
    "quantity": 2,
    "alert_threshold": 5,
    "stock_updated_at": "2025-08-15T06:09:36.127Z",
    "category": 31,
    "brand": 30,
    "image": "",
    "is_active": true,
    "created_at": "2025-06-15T20:20:52.259Z",
    "updated_at": "2025-08-15T06:09:36.127Z",
    "site_configuration": 1
  }
},
{
  "model": "inventory.product",
  "pk": 30,
  "fields": {
    "name": "Produit Test Frontend",
    "slug": "produit-test-frontend",
    "cug": "TESTFRONT001",
    "description": "",
    "purchase_price": "1000",
    "selling_price": "1500",
    "quantity": 10,
    "alert_threshold": 5,
    "stock_updated_at": "2025-08-15T05:38:29.537Z",
    "category": 31,
    "brand": 30,
    "image": "",
    "is_active": true,
    "created_at": "2025-08-11T22:23:09.112Z",
    "updated_at": "2025-08-15T05:38:29.537Z",
    "site_configuration": 26
  }
},
{
  "model": "inventory.product",
  "pk": 31,
  "fields": {
    "name": "Produit Test",
    "slug": "produit-test",
    "cug": "12345",
    "description": "Description de test",
    "purchase_price": "1000",
    "selling_price": "1500",
    "quantity": 10,
    "alert_threshold": 5,
    "stock_updated_at": "2025-08-15T06:08:51.212Z",
    "category": 24,
    "brand": 23,
    "image": "products/test_image_g2Xu95e.jpg",
    "is_active": true,
    "created_at": "2025-08-14T05:03:19.323Z",
    "updated_at": "2025-08-15T06:08:51.212Z",
    "site_configuration": 27
  }
},
{
  "model": "inventory.barcode",
  "pk": 2,
  "fields": {
    "product": 20,
    "ean": "3014230021401",
    "is_primary": true,
    "notes": null,
    "added_at": "2025-06-16T01:55:43.083Z",
    "updated_at": "2025-06-16T01:55:43.083Z"
  }
},
{
  "model": "inventory.barcode",
  "pk": 13,
  "fields": {
    "product": 12,
    "ean": "3037920112008",
    "is_primary": true,
    "notes": "",
    "added_at": "2025-08-11T13:47:26.139Z",
    "updated_at": "2025-08-13T22:28:43.356Z"
  }
},
{
  "model": "inventory.barcode",
  "pk": 37,
  "fields": {
    "product": 30,
    "ean": "4444444444444",
    "is_primary": false,
    "notes": "Code-barres frontend 1",
    "added_at": "2025-08-11T22:23:09.154Z",
    "updated_at": "2025-08-11T22:23:09.154Z"
  }
},
{
  "model": "inventory.barcode",
  "pk": 38,
  "fields": {
    "product": 30,
    "ean": "5555555555555",
    "is_primary": false,
    "notes": "Code-barres frontend 2",
    "added_at": "2025-08-11T22:23:09.196Z",
    "updated_at": "2025-08-11T22:23:09.507Z"
  }
},
{
  "model": "inventory.barcode",
  "pk": 39,
  "fields": {
    "product": 30,
    "ean": "6666666666666",
    "is_primary": false,
    "notes": "Code-barres frontend 3",
    "added_at": "2025-08-11T22:23:09.263Z",
    "updated_at": "2025-08-12T14:10:25.667Z"
  }
},
{
  "model": "inventory.barcode",
  "pk": 43,
  "fields": {
    "product": 30,
    "ean": "3014230021404",
    "is_primary": true,
    "notes": "",
    "added_at": "2025-08-12T13:34:54.457Z",
    "updated_at": "2025-08-12T14:10:35.706Z"
  }
},
{
  "model": "inventory.barcode",
  "pk": 55,
  "fields": {
    "product": 30,
    "ean": "3665257101046",
    "is_primary": false,
    "notes": "",
    "added_at": "2025-08-12T15:03:12.479Z",
    "updated_at": "2025-08-12T15:03:12.479Z"
  }
},
{
  "model": "inventory.barcode",
  "pk": 56,
  "fields": {
    "product": 18,
    "ean": "2005785100004",
    "is_primary": false,
    "notes": "Code-barres généré pour CUG 57851",
    "added_at": "2025-08-12T16:16:50.603Z",
    "updated_at": "2025-08-12T16:16:50.603Z"
  }
},
{
  "model": "inventory.barcode",
  "pk": 57,
  "fields": {
    "product": 19,
    "ean": "2009122700001",
    "is_primary": false,
    "notes": "Code-barres généré pour CUG 91227",
    "added_at": "2025-08-12T16:16:50.643Z",
    "updated_at": "2025-08-12T16:16:50.643Z"
  }
},
{
  "model": "inventory.barcode",
  "pk": 58,
  "fields": {
    "product": 17,
    "ean": "2008828200006",
    "is_primary": false,
    "notes": "Code-barres généré pour CUG 88282",
    "added_at": "2025-08-12T16:16:50.679Z",
    "updated_at": "2025-08-12T16:16:50.679Z"
  }
},
{
  "model": "inventory.barcode",
  "pk": 59,
  "fields": {
    "product": 16,
    "ean": "2003563800009",
    "is_primary": false,
    "notes": "Code-barres généré pour CUG 35638",
    "added_at": "2025-08-12T16:16:50.709Z",
    "updated_at": "2025-08-12T16:16:50.709Z"
  }
},
{
  "model": "inventory.barcode",
  "pk": 60,
  "fields": {
    "product": 15,
    "ean": "2008525700007",
    "is_primary": false,
    "notes": "Code-barres généré pour CUG 85257",
    "added_at": "2025-08-12T16:16:50.733Z",
    "updated_at": "2025-08-12T16:16:50.733Z"
  }
},
{
  "model": "inventory.barcode",
  "pk": 61,
  "fields": {
    "product": 14,
    "ean": "2006018400007",
    "is_primary": false,
    "notes": "Code-barres généré pour CUG 60184",
    "added_at": "2025-08-12T16:16:50.766Z",
    "updated_at": "2025-08-12T16:16:50.766Z"
  }
},
{
  "model": "inventory.barcode",
  "pk": 62,
  "fields": {
    "product": 13,
    "ean": "2002154200006",
    "is_primary": false,
    "notes": "Code-barres généré pour CUG 21542",
    "added_at": "2025-08-12T16:16:50.800Z",
    "updated_at": "2025-08-12T16:16:50.800Z"
  }
},
{
  "model": "inventory.barcode",
  "pk": 63,
  "fields": {
    "product": 11,
    "ean": "2001308200008",
    "is_primary": false,
    "notes": "Code-barres généré pour CUG 13082",
    "added_at": "2025-08-12T16:16:50.829Z",
    "updated_at": "2025-08-12T16:16:50.829Z"
  }
},
{
  "model": "inventory.barcode",
  "pk": 64,
  "fields": {
    "product": 10,
    "ean": "2005682300002",
    "is_primary": false,
    "notes": "Code-barres généré pour CUG 56823",
    "added_at": "2025-08-12T16:16:50.854Z",
    "updated_at": "2025-08-12T16:16:50.854Z"
  }
},
{
  "model": "inventory.barcode",
  "pk": 65,
  "fields": {
    "product": 9,
    "ean": "2001375000006",
    "is_primary": false,
    "notes": "Code-barres généré pour CUG 13750",
    "added_at": "2025-08-12T16:16:50.883Z",
    "updated_at": "2025-08-12T16:16:50.883Z"
  }
},
{
  "model": "inventory.barcode",
  "pk": 66,
  "fields": {
    "product": 8,
    "ean": "2009792800001",
    "is_primary": false,
    "notes": "Code-barres généré pour CUG 97928",
    "added_at": "2025-08-12T16:16:50.918Z",
    "updated_at": "2025-08-12T16:16:50.918Z"
  }
},
{
  "model": "inventory.barcode",
  "pk": 67,
  "fields": {
    "product": 7,
    "ean": "2004140200007",
    "is_primary": false,
    "notes": "Code-barres généré pour CUG 41402",
    "added_at": "2025-08-12T16:16:50.957Z",
    "updated_at": "2025-08-12T16:16:50.957Z"
  }
},
{
  "model": "inventory.barcode",
  "pk": 68,
  "fields": {
    "product": 6,
    "ean": "2001578100008",
    "is_primary": false,
    "notes": "Code-barres généré pour CUG 15781",
    "added_at": "2025-08-12T16:16:50.989Z",
    "updated_at": "2025-08-12T16:16:50.989Z"
  }
},
{
  "model": "inventory.barcode",
  "pk": 69,
  "fields": {
    "product": 5,
    "ean": "2002279900003",
    "is_primary": false,
    "notes": "Code-barres généré pour CUG 22799",
    "added_at": "2025-08-12T16:16:51.029Z",
    "updated_at": "2025-08-12T16:16:51.029Z"
  }
},
{
  "model": "inventory.barcode",
  "pk": 70,
  "fields": {
    "product": 4,
    "ean": "2001547700000",
    "is_primary": false,
    "notes": "Code-barres généré pour CUG 15477",
    "added_at": "2025-08-12T16:16:51.053Z",
    "updated_at": "2025-08-12T16:16:51.053Z"
  }
},
{
  "model": "inventory.barcode",
  "pk": 71,
  "fields": {
    "product": 3,
    "ean": "2008437400002",
    "is_primary": false,
    "notes": "Code-barres généré pour CUG 84374",
    "added_at": "2025-08-12T16:16:51.081Z",
    "updated_at": "2025-08-12T16:16:51.081Z"
  }
},
{
  "model": "inventory.barcode",
  "pk": 72,
  "fields": {
    "product": 2,
    "ean": "2001755600000",
    "is_primary": false,
    "notes": "Code-barres généré pour CUG 17556",
    "added_at": "2025-08-12T16:16:51.112Z",
    "updated_at": "2025-08-12T16:16:51.112Z"
  }
},
{
  "model": "inventory.barcode",
  "pk": 73,
  "fields": {
    "product": 1,
    "ean": "2003340500009",
    "is_primary": false,
    "notes": "Code-barres généré pour CUG 33405",
    "added_at": "2025-08-12T16:16:51.136Z",
    "updated_at": "2025-08-12T16:16:51.136Z"
  }
},
{
  "model": "inventory.transaction",
  "pk": 1,
  "fields": {
    "type": "loss",
    "product": 18,
    "quantity": 1,
    "transaction_date": "2025-06-16T17:56:33.010Z",
    "notes": "Régularisation comptage: 42 -> 41",
    "sale": null,
    "order": null,
    "unit_price": "35000",
    "total_amount": "35000",
    "user": null,
    "site_configuration": 1
  }
},
{
  "model": "inventory.transaction",
  "pk": 2,
  "fields": {
    "type": "loss",
    "product": 18,
    "quantity": 2,
    "transaction_date": "2025-06-16T17:58:36.913Z",
    "notes": "Régularisation comptage: 42 -> 40",
    "sale": null,
    "order": null,
    "unit_price": "35000",
    "total_amount": "70000",
    "user": null,
    "site_configuration": 1
  }
},
{
  "model": "inventory.transaction",
  "pk": 3,
  "fields": {
    "type": "in",
    "product": 18,
    "quantity": 1,
    "transaction_date": "2025-06-16T18:23:53.886Z",
    "notes": "Régularisation comptage: 42 -> 43",
    "sale": null,
    "order": null,
    "unit_price": "35000",
    "total_amount": "35000",
    "user": null,
    "site_configuration": 1
  }
},
{
  "model": "inventory.transaction",
  "pk": 4,
  "fields": {
    "type": "in",
    "product": 12,
    "quantity": 1,
    "transaction_date": "2025-06-17T21:00:50.181Z",
    "notes": "",
    "sale": null,
    "order": null,
    "unit_price": "7500",
    "total_amount": "7500",
    "user": 1,
    "site_configuration": 1
  }
},
{
  "model": "inventory.transaction",
  "pk": 5,
  "fields": {
    "type": "in",
    "product": 12,
    "quantity": 2,
    "transaction_date": "2025-08-08T06:10:50.428Z",
    "notes": "Ajout de stock via mobile",
    "sale": null,
    "order": null,
    "unit_price": "7500",
    "total_amount": "15000",
    "user": 2,
    "site_configuration": null
  }
},
{
  "model": "inventory.transaction",
  "pk": 6,
  "fields": {
    "type": "out",
    "product": 12,
    "quantity": 1,
    "transaction_date": "2025-08-08T06:11:05.364Z",
    "notes": "Retrait de stock via mobile",
    "sale": null,
    "order": null,
    "unit_price": "7500",
    "total_amount": "7500",
    "user": 2,
    "site_configuration": null
  }
},
{
  "model": "inventory.transaction",
  "pk": 7,
  "fields": {
    "type": "adjustment",
    "product": 12,
    "quantity": 3,
    "transaction_date": "2025-08-08T06:12:23.026Z",
    "notes": "Ajustement de stock via mobile",
    "sale": null,
    "order": null,
    "unit_price": "7500",
    "total_amount": "22500",
    "user": 2,
    "site_configuration": null
  }
},
{
  "model": "inventory.transaction",
  "pk": 8,
  "fields": {
    "type": "in",
    "product": 12,
    "quantity": 2,
    "transaction_date": "2025-08-09T03:59:16.126Z",
    "notes": "Ajout de stock via mobile",
    "sale": null,
    "order": null,
    "unit_price": "7500",
    "total_amount": "15000",
    "user": 2,
    "site_configuration": null
  }
},
{
  "model": "inventory.transaction",
  "pk": 9,
  "fields": {
    "type": "in",
    "product": 12,
    "quantity": 50,
    "transaction_date": "2025-08-10T04:51:20.291Z",
    "notes": "Ajout de stock via mobile",
    "sale": null,
    "order": null,
    "unit_price": "7500",
    "total_amount": "375000",
    "user": 2,
    "site_configuration": null
  }
},
{
  "model": "inventory.labeltemplate",
  "pk": 13,
  "fields": {
    "site_configuration": null,
    "name": "Standard 40x30",
    "type": "barcode",
    "width_mm": 40,
    "height_mm": 30,
    "dpi": 203,
    "margins_mm": "2,2,2,2",
    "layout": "",
    "is_default": true,
    "paper_width_mm": "57.5",
    "printing_width_mm": "48.0",
    "created_at": "2025-08-09T06:13:39.485Z",
    "updated_at": "2025-08-09T06:59:37.905Z"
  }
},
{
  "model": "inventory.labelsetting",
  "pk": 1,
  "fields": {
    "site_configuration": 1,
    "default_template": 13,
    "default_copies": 1,
    "include_logo": true,
    "include_price": true,
    "show_cug": true,
    "barcode_type": "EAN13",
    "printer_prefs": {
      "paper_width": "58mm",
      "density": "normal",
      "codepage": "CP850"
    },
    "currency": "FCFA",
    "created_at": "2025-08-09T05:53:37.681Z",
    "updated_at": "2025-08-09T05:53:37.683Z"
  }
},
{
  "model": "inventory.labelsetting",
  "pk": 2,
  "fields": {
    "site_configuration": 2,
    "default_template": 13,
    "default_copies": 1,
    "include_logo": true,
    "include_price": true,
    "show_cug": true,
    "barcode_type": "EAN13",
    "printer_prefs": {
      "paper_width": "58mm",
      "density": "normal",
      "codepage": "CP850"
    },
    "currency": "FCFA",
    "created_at": "2025-08-09T05:53:37.776Z",
    "updated_at": "2025-08-09T05:53:37.776Z"
  }
},
{
  "model": "inventory.labelsetting",
  "pk": 3,
  "fields": {
    "site_configuration": 3,
    "default_template": 13,
    "default_copies": 1,
    "include_logo": true,
    "include_price": true,
    "show_cug": true,
    "barcode_type": "EAN13",
    "printer_prefs": {
      "paper_width": "58mm",
      "density": "normal",
      "codepage": "CP850"
    },
    "currency": "FCFA",
    "created_at": "2025-08-09T05:53:37.888Z",
    "updated_at": "2025-08-09T05:53:37.888Z"
  }
},
{
  "model": "inventory.labelsetting",
  "pk": 4,
  "fields": {
    "site_configuration": 4,
    "default_template": 13,
    "default_copies": 1,
    "include_logo": true,
    "include_price": true,
    "show_cug": true,
    "barcode_type": "EAN13",
    "printer_prefs": {
      "paper_width": "58mm",
      "density": "normal",
      "codepage": "CP850"
    },
    "currency": "FCFA",
    "created_at": "2025-08-09T05:53:38.103Z",
    "updated_at": "2025-08-09T05:53:38.103Z"
  }
},
{
  "model": "inventory.labelsetting",
  "pk": 5,
  "fields": {
    "site_configuration": 5,
    "default_template": 13,
    "default_copies": 1,
    "include_logo": true,
    "include_price": true,
    "show_cug": true,
    "barcode_type": "EAN13",
    "printer_prefs": {
      "paper_width": "58mm",
      "density": "normal",
      "codepage": "CP850"
    },
    "currency": "FCFA",
    "created_at": "2025-08-09T05:53:38.226Z",
    "updated_at": "2025-08-09T05:53:38.226Z"
  }
},
{
  "model": "inventory.labelsetting",
  "pk": 6,
  "fields": {
    "site_configuration": 7,
    "default_template": 13,
    "default_copies": 1,
    "include_logo": true,
    "include_price": true,
    "show_cug": true,
    "barcode_type": "EAN13",
    "printer_prefs": {
      "paper_width": "58mm",
      "density": "normal",
      "codepage": "CP850"
    },
    "currency": "FCFA",
    "created_at": "2025-08-09T05:53:38.419Z",
    "updated_at": "2025-08-09T05:53:38.419Z"
  }
},
{
  "model": "inventory.labelsetting",
  "pk": 7,
  "fields": {
    "site_configuration": 8,
    "default_template": 13,
    "default_copies": 1,
    "include_logo": true,
    "include_price": true,
    "show_cug": true,
    "barcode_type": "EAN13",
    "printer_prefs": {
      "paper_width": "58mm",
      "density": "normal",
      "codepage": "CP850"
    },
    "currency": "FCFA",
    "created_at": "2025-08-09T05:53:38.499Z",
    "updated_at": "2025-08-09T05:53:38.499Z"
  }
},
{
  "model": "inventory.labelsetting",
  "pk": 8,
  "fields": {
    "site_configuration": 9,
    "default_template": 13,
    "default_copies": 1,
    "include_logo": true,
    "include_price": true,
    "show_cug": true,
    "barcode_type": "EAN13",
    "printer_prefs": {
      "paper_width": "58mm",
      "density": "normal",
      "codepage": "CP850"
    },
    "currency": "FCFA",
    "created_at": "2025-08-09T05:53:38.569Z",
    "updated_at": "2025-08-09T05:53:38.569Z"
  }
},
{
  "model": "inventory.labelsetting",
  "pk": 9,
  "fields": {
    "site_configuration": 10,
    "default_template": 13,
    "default_copies": 1,
    "include_logo": true,
    "include_price": true,
    "show_cug": true,
    "barcode_type": "EAN13",
    "printer_prefs": {
      "paper_width": "58mm",
      "density": "normal",
      "codepage": "CP850"
    },
    "currency": "FCFA",
    "created_at": "2025-08-09T05:53:38.681Z",
    "updated_at": "2025-08-09T05:53:38.681Z"
  }
},
{
  "model": "inventory.labelsetting",
  "pk": 10,
  "fields": {
    "site_configuration": 11,
    "default_template": 13,
    "default_copies": 1,
    "include_logo": true,
    "include_price": true,
    "show_cug": true,
    "barcode_type": "EAN13",
    "printer_prefs": {
      "paper_width": "58mm",
      "density": "normal",
      "codepage": "CP850"
    },
    "currency": "FCFA",
    "created_at": "2025-08-09T05:53:38.855Z",
    "updated_at": "2025-08-09T05:53:38.855Z"
  }
},
{
  "model": "inventory.labelsetting",
  "pk": 12,
  "fields": {
    "site_configuration": 13,
    "default_template": 13,
    "default_copies": 1,
    "include_logo": true,
    "include_price": true,
    "show_cug": true,
    "barcode_type": "EAN13",
    "printer_prefs": {
      "paper_width": "58mm",
      "density": "normal",
      "codepage": "CP850"
    },
    "currency": "FCFA",
    "created_at": "2025-08-09T05:53:39.130Z",
    "updated_at": "2025-08-09T05:53:39.130Z"
  }
},
{
  "model": "inventory.catalogtemplate",
  "pk": 1,
  "fields": {
    "name": "Catalogue Standard A4",
    "description": "Modèle par défaut pour catalogues de codes-barres CUG au format A4",
    "format": "A4",
    "width_mm": null,
    "height_mm": null,
    "margin_top_mm": "20.0",
    "margin_bottom_mm": "20.0",
    "margin_left_mm": "20.0",
    "margin_right_mm": "20.0",
    "header_text": "Catalogue Produits - Codes-barres CUG",
    "footer_text": "Généré le {date} - Page {page}",
    "show_page_numbers": true,
    "products_per_page": 12,
    "show_product_names": true,
    "show_prices": true,
    "show_descriptions": false,
    "show_images": false,
    "barcode_type": "code128",
    "barcode_height_mm": "15.0",
    "include_checksum": true,
    "site_configuration": null,
    "is_default": true,
    "is_active": true,
    "created_at": "2025-08-10T04:47:39.387Z",
    "updated_at": "2025-08-10T04:47:39.387Z",
    "created_by": 1
  }
},
{
  "model": "inventory.catalogtemplate",
  "pk": 2,
  "fields": {
    "name": "Catalogue BoliBana Stock",
    "description": "Modèle de catalogue pour BoliBana Stock",
    "format": "A4",
    "width_mm": null,
    "height_mm": null,
    "margin_top_mm": "20.0",
    "margin_bottom_mm": "20.0",
    "margin_left_mm": "20.0",
    "margin_right_mm": "20.0",
    "header_text": "Catalogue BoliBana Stock - Codes-barres CUG",
    "footer_text": "Généré le {date} - Page {page}",
    "show_page_numbers": true,
    "products_per_page": 12,
    "show_product_names": true,
    "show_prices": true,
    "show_descriptions": false,
    "show_images": false,
    "barcode_type": "code128",
    "barcode_height_mm": "15.0",
    "include_checksum": true,
    "site_configuration": 1,
    "is_default": true,
    "is_active": true,
    "created_at": "2025-08-10T04:47:39.401Z",
    "updated_at": "2025-08-10T04:47:39.401Z",
    "created_by": 1
  }
},
{
  "model": "inventory.catalogtemplate",
  "pk": 3,
  "fields": {
    "name": "Catalogue konimba-djimiga",
    "description": "Modèle de catalogue pour konimba-djimiga",
    "format": "A4",
    "width_mm": null,
    "height_mm": null,
    "margin_top_mm": "20.0",
    "margin_bottom_mm": "20.0",
    "margin_left_mm": "20.0",
    "margin_right_mm": "20.0",
    "header_text": "Catalogue konimba-djimiga - Codes-barres CUG",
    "footer_text": "Généré le {date} - Page {page}",
    "show_page_numbers": true,
    "products_per_page": 12,
    "show_product_names": true,
    "show_prices": true,
    "show_descriptions": false,
    "show_images": false,
    "barcode_type": "code128",
    "barcode_height_mm": "15.0",
    "include_checksum": true,
    "site_configuration": 2,
    "is_default": true,
    "is_active": true,
    "created_at": "2025-08-10T04:47:39.413Z",
    "updated_at": "2025-08-10T04:47:39.413Z",
    "created_by": 1
  }
},
{
  "model": "inventory.catalogtemplate",
  "pk": 4,
  "fields": {
    "name": "Catalogue konimba-djimiga-1",
    "description": "Modèle de catalogue pour konimba-djimiga-1",
    "format": "A4",
    "width_mm": null,
    "height_mm": null,
    "margin_top_mm": "20.0",
    "margin_bottom_mm": "20.0",
    "margin_left_mm": "20.0",
    "margin_right_mm": "20.0",
    "header_text": "Catalogue konimba-djimiga-1 - Codes-barres CUG",
    "footer_text": "Généré le {date} - Page {page}",
    "show_page_numbers": true,
    "products_per_page": 12,
    "show_product_names": true,
    "show_prices": true,
    "show_descriptions": false,
    "show_images": false,
    "barcode_type": "code128",
    "barcode_height_mm": "15.0",
    "include_checksum": true,
    "site_configuration": 3,
    "is_default": true,
    "is_active": true,
    "created_at": "2025-08-10T04:47:39.426Z",
    "updated_at": "2025-08-10T04:47:39.426Z",
    "created_by": 1
  }
},
{
  "model": "inventory.catalogtemplate",
  "pk": 5,
  "fields": {
    "name": "Catalogue konimba-djimiga-2",
    "description": "Modèle de catalogue pour konimba-djimiga-2",
    "format": "A4",
    "width_mm": null,
    "height_mm": null,
    "margin_top_mm": "20.0",
    "margin_bottom_mm": "20.0",
    "margin_left_mm": "20.0",
    "margin_right_mm": "20.0",
    "header_text": "Catalogue konimba-djimiga-2 - Codes-barres CUG",
    "footer_text": "Généré le {date} - Page {page}",
    "show_page_numbers": true,
    "products_per_page": 12,
    "show_product_names": true,
    "show_prices": true,
    "show_descriptions": false,
    "show_images": false,
    "barcode_type": "code128",
    "barcode_height_mm": "15.0",
    "include_checksum": true,
    "site_configuration": 4,
    "is_default": true,
    "is_active": true,
    "created_at": "2025-08-10T04:47:39.437Z",
    "updated_at": "2025-08-10T04:47:39.437Z",
    "created_by": 1
  }
},
{
  "model": "inventory.catalogtemplate",
  "pk": 6,
  "fields": {
    "name": "Catalogue malien-djimiga",
    "description": "Modèle de catalogue pour malien-djimiga",
    "format": "A4",
    "width_mm": null,
    "height_mm": null,
    "margin_top_mm": "20.0",
    "margin_bottom_mm": "20.0",
    "margin_left_mm": "20.0",
    "margin_right_mm": "20.0",
    "header_text": "Catalogue malien-djimiga - Codes-barres CUG",
    "footer_text": "Généré le {date} - Page {page}",
    "show_page_numbers": true,
    "products_per_page": 12,
    "show_product_names": true,
    "show_prices": true,
    "show_descriptions": false,
    "show_images": false,
    "barcode_type": "code128",
    "barcode_height_mm": "15.0",
    "include_checksum": true,
    "site_configuration": 5,
    "is_default": true,
    "is_active": true,
    "created_at": "2025-08-10T04:47:39.450Z",
    "updated_at": "2025-08-10T04:47:39.450Z",
    "created_by": 1
  }
},
{
  "model": "inventory.catalogtemplate",
  "pk": 7,
  "fields": {
    "name": "Catalogue konimba-djimiga-3",
    "description": "Modèle de catalogue pour konimba-djimiga-3",
    "format": "A4",
    "width_mm": null,
    "height_mm": null,
    "margin_top_mm": "20.0",
    "margin_bottom_mm": "20.0",
    "margin_left_mm": "20.0",
    "margin_right_mm": "20.0",
    "header_text": "Catalogue konimba-djimiga-3 - Codes-barres CUG",
    "footer_text": "Généré le {date} - Page {page}",
    "show_page_numbers": true,
    "products_per_page": 12,
    "show_product_names": true,
    "show_prices": true,
    "show_descriptions": false,
    "show_images": false,
    "barcode_type": "code128",
    "barcode_height_mm": "15.0",
    "include_checksum": true,
    "site_configuration": 7,
    "is_default": true,
    "is_active": true,
    "created_at": "2025-08-10T04:47:39.463Z",
    "updated_at": "2025-08-10T04:47:39.463Z",
    "created_by": 1
  }
},
{
  "model": "inventory.catalogtemplate",
  "pk": 8,
  "fields": {
    "name": "Catalogue konimba-djimiga-4",
    "description": "Modèle de catalogue pour konimba-djimiga-4",
    "format": "A4",
    "width_mm": null,
    "height_mm": null,
    "margin_top_mm": "20.0",
    "margin_bottom_mm": "20.0",
    "margin_left_mm": "20.0",
    "margin_right_mm": "20.0",
    "header_text": "Catalogue konimba-djimiga-4 - Codes-barres CUG",
    "footer_text": "Généré le {date} - Page {page}",
    "show_page_numbers": true,
    "products_per_page": 12,
    "show_product_names": true,
    "show_prices": true,
    "show_descriptions": false,
    "show_images": false,
    "barcode_type": "code128",
    "barcode_height_mm": "15.0",
    "include_checksum": true,
    "site_configuration": 8,
    "is_default": true,
    "is_active": true,
    "created_at": "2025-08-10T04:47:39.476Z",
    "updated_at": "2025-08-10T04:47:39.476Z",
    "created_by": 1
  }
},
{
  "model": "inventory.catalogtemplate",
  "pk": 9,
  "fields": {
    "name": "Catalogue new-user-1754542106",
    "description": "Modèle de catalogue pour new-user-1754542106",
    "format": "A4",
    "width_mm": null,
    "height_mm": null,
    "margin_top_mm": "20.0",
    "margin_bottom_mm": "20.0",
    "margin_left_mm": "20.0",
    "margin_right_mm": "20.0",
    "header_text": "Catalogue new-user-1754542106 - Codes-barres CUG",
    "footer_text": "Généré le {date} - Page {page}",
    "show_page_numbers": true,
    "products_per_page": 12,
    "show_product_names": true,
    "show_prices": true,
    "show_descriptions": false,
    "show_images": false,
    "barcode_type": "code128",
    "barcode_height_mm": "15.0",
    "include_checksum": true,
    "site_configuration": 9,
    "is_default": true,
    "is_active": true,
    "created_at": "2025-08-10T04:47:39.489Z",
    "updated_at": "2025-08-10T04:47:39.489Z",
    "created_by": 1
  }
},
{
  "model": "inventory.catalogtemplate",
  "pk": 10,
  "fields": {
    "name": "Catalogue konimba-djimi-1754542405",
    "description": "Modèle de catalogue pour konimba-djimi-1754542405",
    "format": "A4",
    "width_mm": null,
    "height_mm": null,
    "margin_top_mm": "20.0",
    "margin_bottom_mm": "20.0",
    "margin_left_mm": "20.0",
    "margin_right_mm": "20.0",
    "header_text": "Catalogue konimba-djimi-1754542405 - Codes-barres CUG",
    "footer_text": "Généré le {date} - Page {page}",
    "show_page_numbers": true,
    "products_per_page": 12,
    "show_product_names": true,
    "show_prices": true,
    "show_descriptions": false,
    "show_images": false,
    "barcode_type": "code128",
    "barcode_height_mm": "15.0",
    "include_checksum": true,
    "site_configuration": 10,
    "is_default": true,
    "is_active": true,
    "created_at": "2025-08-10T04:47:39.507Z",
    "updated_at": "2025-08-10T04:47:39.507Z",
    "created_by": 1
  }
},
{
  "model": "inventory.catalogtemplate",
  "pk": 11,
  "fields": {
    "name": "Catalogue konimba-djimiga-5",
    "description": "Modèle de catalogue pour konimba-djimiga-5",
    "format": "A4",
    "width_mm": null,
    "height_mm": null,
    "margin_top_mm": "20.0",
    "margin_bottom_mm": "20.0",
    "margin_left_mm": "20.0",
    "margin_right_mm": "20.0",
    "header_text": "Catalogue konimba-djimiga-5 - Codes-barres CUG",
    "footer_text": "Généré le {date} - Page {page}",
    "show_page_numbers": true,
    "products_per_page": 12,
    "show_product_names": true,
    "show_prices": true,
    "show_descriptions": false,
    "show_images": false,
    "barcode_type": "code128",
    "barcode_height_mm": "15.0",
    "include_checksum": true,
    "site_configuration": 11,
    "is_default": true,
    "is_active": true,
    "created_at": "2025-08-10T04:47:39.532Z",
    "updated_at": "2025-08-10T04:47:39.532Z",
    "created_by": 1
  }
},
{
  "model": "inventory.catalogtemplate",
  "pk": 13,
  "fields": {
    "name": "Catalogue simulation-site",
    "description": "Modèle de catalogue pour simulation-site",
    "format": "A4",
    "width_mm": null,
    "height_mm": null,
    "margin_top_mm": "20.0",
    "margin_bottom_mm": "20.0",
    "margin_left_mm": "20.0",
    "margin_right_mm": "20.0",
    "header_text": "Catalogue simulation-site - Codes-barres CUG",
    "footer_text": "Généré le {date} - Page {page}",
    "show_page_numbers": true,
    "products_per_page": 12,
    "show_product_names": true,
    "show_prices": true,
    "show_descriptions": false,
    "show_images": false,
    "barcode_type": "code128",
    "barcode_height_mm": "15.0",
    "include_checksum": true,
    "site_configuration": 13,
    "is_default": true,
    "is_active": true,
    "created_at": "2025-08-10T04:47:39.580Z",
    "updated_at": "2025-08-10T04:47:39.580Z",
    "created_by": 1
  }
},
{
  "model": "inventory.cataloggeneration",
  "pk": 1,
  "fields": {
    "name": "Catalogue CUG BoliBana Stock - 2025-08-12",
    "description": "Catalogue automatique des codes-barres CUG pour BoliBana Stock",
    "template": 2,
    "site_configuration": 1,
    "user": 1,
    "price_min": null,
    "price_max": null,
    "in_stock_only": false,
    "include_products_without_barcode": true,
    "include_products_with_barcode": false,
    "cug_pattern": "",
    "status": "success",
    "source": "manual",
    "total_products": 0,
    "total_pages": 1,
    "file_path": "",
    "file_size_bytes": 0,
    "created_at": "2025-08-12T16:18:32.077Z",
    "updated_at": "2025-08-12T16:18:32.112Z",
    "completed_at": null,
    "error_message": "",
    "categories": [],
    "brands": []
  }
},
{
  "model": "sales.sale",
  "pk": 2,
  "fields": {
    "reference": "V20250615064626F(id)",
    "cash_register": null,
    "customer": null,
    "seller": 1,
    "sale_date": "2025-06-15T06:46:26.272Z",
    "status": "draft",
    "payment_status": "pending",
    "subtotal": "0.00",
    "tax_rate": "0.00",
    "tax_amount": "0.00",
    "discount_amount": "0.00",
    "total_amount": "0.00",
    "amount_paid": "0.00",
    "payment_method": "cash",
    "payment_reference": null,
    "notes": "",
    "created_at": "2025-06-15T06:46:26.273Z",
    "updated_at": "2025-08-07T06:10:03.363Z",
    "site_configuration": 1
  }
}
]
